date,regime,asset,base_ticker,base_pct,lev2x_ticker,lev2x_pct,lev
2017-03-24,very_risk_on,SPY,SPY,0.470972,SSO,0.529028,2.0
2017-03-24,very_risk_on,IEF,IEF,0.0,UST,0.0,2.0
2017-03-24,very_risk_on,BIL,BIL,0.0,,0.0,2.0
2017-03-24,very_risk_on,EEM,EEM,0.0,,0.0,2.0
2017-03-24,very_risk_on,GLD,GLD,0.470972,UGL,0.0,2.0
2017-03-24,very_risk_on,QQQ,QQQ,0.0,QLD,0.0,2.0
2017-03-31,very_risk_on,SPY,SPY,0.470972,SSO,0.529028,2.0
2017-03-31,very_risk_on,IEF,IEF,0.0,UST,0.0,2.0
2017-03-31,very_risk_on,BIL,BIL,0.0,,0.0,2.0
2017-03-31,very_risk_on,EEM,EEM,0.0,,0.0,2.0
2017-03-31,very_risk_on,GLD,GLD,0.470972,UGL,0.0,2.0
2017-03-31,very_risk_on,QQQ,QQQ,0.0,QLD,0.0,2.0
2017-04-07,very_risk_on,SPY,SPY,0.503822,SSO,0.496178,2.0
2017-04-07,very_risk_on,IEF,IEF,0.0,UST,0.0,2.0
2017-04-07,very_risk_on,BIL,BIL,0.0,,0.0,2.0
2017-04-07,very_risk_on,EEM,EEM,0.0,,0.0,2.0
2017-04-07,very_risk_on,GLD,GLD,0.503822,UGL,0.0,2.0
2017-04-07,very_risk_on,QQQ,QQQ,0.0,QLD,0.0,2.0
2017-04-14,very_risk_on,SPY,SPY,0.503822,SSO,0.496178,2.0
2017-04-14,very_risk_on,IEF,IEF,0.0,UST,0.0,2.0
2017-04-14,very_risk_on,BIL,BIL,0.0,,0.0,2.0
2017-04-14,very_risk_on,EEM,EEM,0.0,,0.0,2.0
2017-04-14,very_risk_on,GLD,GLD,0.503822,UGL,0.0,2.0
2017-04-14,very_risk_on,QQQ,QQQ,0.0,QLD,0.0,2.0
2017-04-21,very_risk_on,SPY,SPY,0.503822,SSO,0.496178,2.0
2017-04-21,very_risk_on,IEF,IEF,0.0,UST,0.0,2.0
2017-04-21,very_risk_on,BIL,BIL,0.0,,0.0,2.0
2017-04-21,very_risk_on,EEM,EEM,0.0,,0.0,2.0
2017-04-21,very_risk_on,GLD,GLD,0.503822,UGL,0.0,2.0
2017-04-21,very_risk_on,QQQ,QQQ,0.0,QLD,0.0,2.0
2017-04-28,very_risk_on,SPY,SPY,0.503822,SSO,0.496178,2.0
2017-04-28,very_risk_on,IEF,IEF,0.0,UST,0.0,2.0
2017-04-28,very_risk_on,BIL,BIL,0.0,,0.0,2.0
2017-04-28,very_risk_on,EEM,EEM,0.0,,0.0,2.0
2017-04-28,very_risk_on,GLD,GLD,0.503822,UGL,0.0,2.0
2017-04-28,very_risk_on,QQQ,QQQ,0.0,QLD,0.0,2.0
2017-05-05,risk_on,SPY,SPY,0.913051,SSO,0.086949,2.0
2017-05-05,risk_on,IEF,IEF,0.0,UST,0.0,2.0
2017-05-05,risk_on,BIL,BIL,0.0,,0.0,2.0
2017-05-05,risk_on,EEM,EEM,0.503165,,0.0,2.0
2017-05-05,risk_on,GLD,GLD,0.0,UGL,0.0,2.0
2017-05-05,risk_on,QQQ,QQQ,0.409885,QLD,0.0,2.0
2017-05-12,risk_on,SPY,SPY,0.913051,SSO,0.086949,2.0
2017-05-12,risk_on,IEF,IEF,0.0,UST,0.0,2.0
2017-05-12,risk_on,BIL,BIL,0.0,,0.0,2.0
2017-05-12,risk_on,EEM,EEM,0.503165,,0.0,2.0
2017-05-12,risk_on,GLD,GLD,0.0,UGL,0.0,2.0
2017-05-12,risk_on,QQQ,QQQ,0.409885,QLD,0.0,2.0
2017-05-19,neutral,SPY,SPY,0.33479,SSO,0.0,2.0
2017-05-19,neutral,IEF,IEF,0.0,UST,0.0,2.0
2017-05-19,neutral,BIL,BIL,0.0,,0.0,2.0
2017-05-19,neutral,EEM,EEM,0.363825,,0.0,2.0
2017-05-19,neutral,GLD,GLD,0.394751,UGL,0.0,2.0
2017-05-19,neutral,QQQ,QQQ,0.906634,QLD,0.0,2.0
2017-05-26,very_risk_on,SPY,SPY,0.014708,SSO,0.0,2.0
2017-05-26,very_risk_on,IEF,IEF,0.636462,UST,0.0,2.0
2017-05-26,very_risk_on,BIL,BIL,0.0,,0.0,2.0
2017-05-26,very_risk_on,EEM,EEM,0.250432,,0.0,2.0
2017-05-26,very_risk_on,GLD,GLD,0.483394,UGL,0.0,2.0
2017-05-26,very_risk_on,QQQ,QQQ,0.615004,QLD,0.0,2.0
2017-06-02,very_risk_on,SPY,SPY,0.014708,SSO,0.0,2.0
2017-06-02,very_risk_on,IEF,IEF,0.636462,UST,0.0,2.0
2017-06-02,very_risk_on,BIL,BIL,0.0,,0.0,2.0
2017-06-02,very_risk_on,EEM,EEM,0.250432,,0.0,2.0
2017-06-02,very_risk_on,GLD,GLD,0.483394,UGL,0.0,2.0
2017-06-02,very_risk_on,QQQ,QQQ,0.615004,QLD,0.0,2.0
2017-06-09,neutral,SPY,SPY,0.0,SSO,0.0,2.0
2017-06-09,neutral,IEF,IEF,0.510706,UST,0.0,2.0
2017-06-09,neutral,BIL,BIL,0.0,,0.0,2.0
2017-06-09,neutral,EEM,EEM,0.047132,,0.0,2.0
2017-06-09,neutral,GLD,GLD,0.516696,UGL,0.0,2.0
2017-06-09,neutral,QQQ,QQQ,0.925466,QLD,0.0,2.0
2017-06-16,risk_on,SPY,SPY,0.0,SSO,0.0,2.0
2017-06-16,risk_on,IEF,IEF,0.148259,UST,0.0,2.0
2017-06-16,risk_on,BIL,BIL,0.0,,0.0,2.0
2017-06-16,risk_on,EEM,EEM,0.25028,,0.0,2.0
2017-06-16,risk_on,GLD,GLD,0.603575,UGL,0.0,2.0
2017-06-16,risk_on,QQQ,QQQ,0.997885,QLD,0.0,2.0
2017-06-23,neutral,SPY,SPY,0.0,SSO,0.0,2.0
2017-06-23,neutral,IEF,IEF,0.510706,UST,0.0,2.0
2017-06-23,neutral,BIL,BIL,0.0,,0.0,2.0
2017-06-23,neutral,EEM,EEM,0.047132,,0.0,2.0
2017-06-23,neutral,GLD,GLD,0.516696,UGL,0.0,2.0
2017-06-23,neutral,QQQ,QQQ,0.925466,QLD,0.0,2.0
2017-06-30,risk_on,SPY,SPY,0.0,SSO,0.0,2.0
2017-06-30,risk_on,IEF,IEF,0.148259,UST,0.0,2.0
2017-06-30,risk_on,BIL,BIL,0.0,,0.0,2.0
2017-06-30,risk_on,EEM,EEM,0.25028,,0.0,2.0
2017-06-30,risk_on,GLD,GLD,0.603575,UGL,0.0,2.0
2017-06-30,risk_on,QQQ,QQQ,0.997885,QLD,0.0,2.0
2017-07-07,neutral,SPY,SPY,0.0,SSO,0.0,2.0
2017-07-07,neutral,IEF,IEF,0.8677,UST,0.0,2.0
2017-07-07,neutral,BIL,BIL,0.0,,0.0,2.0
2017-07-07,neutral,EEM,EEM,0.01721,,0.0,2.0
2017-07-07,neutral,GLD,GLD,0.17999,UGL,0.0,2.0
2017-07-07,neutral,QQQ,QQQ,0.935099,QLD,0.0,2.0
2017-07-14,risk_on,SPY,SPY,0.355712,SSO,0.644288,2.0
2017-07-14,risk_on,IEF,IEF,0.0,UST,0.0,2.0
2017-07-14,risk_on,BIL,BIL,0.0,,0.0,2.0
2017-07-14,risk_on,EEM,EEM,0.0,,0.0,2.0
2017-07-14,risk_on,GLD,GLD,0.0,UGL,0.0,2.0
2017-07-14,risk_on,QQQ,QQQ,0.355712,QLD,0.0,2.0
2017-07-21,very_risk_on,SPY,SPY,0.014708,SSO,0.0,2.0
2017-07-21,very_risk_on,IEF,IEF,0.636462,UST,0.0,2.0
2017-07-21,very_risk_on,BIL,BIL,0.0,,0.0,2.0
2017-07-21,very_risk_on,EEM,EEM,0.250432,,0.0,2.0
2017-07-21,very_risk_on,GLD,GLD,0.483394,UGL,0.0,2.0
2017-07-21,very_risk_on,QQQ,QQQ,0.615004,QLD,0.0,2.0
2017-07-28,very_risk_on,SPY,SPY,0.014708,SSO,0.0,2.0
2017-07-28,very_risk_on,IEF,IEF,0.636462,UST,0.0,2.0
2017-07-28,very_risk_on,BIL,BIL,0.0,,0.0,2.0
2017-07-28,very_risk_on,EEM,EEM,0.250432,,0.0,2.0
2017-07-28,very_risk_on,GLD,GLD,0.483394,UGL,0.0,2.0
2017-07-28,very_risk_on,QQQ,QQQ,0.615004,QLD,0.0,2.0
2017-08-04,very_risk_on,SPY,SPY,0.014708,SSO,0.0,2.0
2017-08-04,very_risk_on,IEF,IEF,0.636462,UST,0.0,2.0
2017-08-04,very_risk_on,BIL,BIL,0.0,,0.0,2.0
2017-08-04,very_risk_on,EEM,EEM,0.250432,,0.0,2.0
2017-08-04,very_risk_on,GLD,GLD,0.483394,UGL,0.0,2.0
2017-08-04,very_risk_on,QQQ,QQQ,0.615004,QLD,0.0,2.0
2017-08-11,risk_on,SPY,SPY,0.355712,SSO,0.644288,2.0
2017-08-11,risk_on,IEF,IEF,0.0,UST,0.0,2.0
2017-08-11,risk_on,BIL,BIL,0.0,,0.0,2.0
2017-08-11,risk_on,EEM,EEM,0.0,,0.0,2.0
2017-08-11,risk_on,GLD,GLD,0.0,UGL,0.0,2.0
2017-08-11,risk_on,QQQ,QQQ,0.355712,QLD,0.0,2.0
2017-08-18,neutral,SPY,SPY,0.835062,SSO,0.0,2.0
2017-08-18,neutral,IEF,IEF,0.585806,UST,0.0,2.0
2017-08-18,neutral,BIL,BIL,0.0,,0.0,2.0
2017-08-18,neutral,EEM,EEM,0.579132,,0.0,2.0
2017-08-18,neutral,GLD,GLD,0.0,UGL,0.0,2.0
2017-08-18,neutral,QQQ,QQQ,0.0,QLD,0.0,2.0
2017-08-25,risk_on,SPY,SPY,0.355712,SSO,0.644288,2.0
2017-08-25,risk_on,IEF,IEF,0.0,UST,0.0,2.0
2017-08-25,risk_on,BIL,BIL,0.0,,0.0,2.0
2017-08-25,risk_on,EEM,EEM,0.0,,0.0,2.0
2017-08-25,risk_on,GLD,GLD,0.0,UGL,0.0,2.0
2017-08-25,risk_on,QQQ,QQQ,0.355712,QLD,0.0,2.0
2017-09-01,very_risk_on,SPY,SPY,0.011289,SSO,0.0,2.0
2017-09-01,very_risk_on,IEF,IEF,0.628668,UST,0.0,2.0
2017-09-01,very_risk_on,BIL,BIL,0.0,,0.0,2.0
2017-09-01,very_risk_on,EEM,EEM,0.250286,,0.0,2.0
2017-09-01,very_risk_on,GLD,GLD,0.486571,UGL,0.0,2.0
2017-09-01,very_risk_on,QQQ,QQQ,0.623185,QLD,0.0,2.0
2017-09-08,very_risk_on,SPY,SPY,0.011289,SSO,0.0,2.0
2017-09-08,very_risk_on,IEF,IEF,0.628668,UST,0.0,2.0
2017-09-08,very_risk_on,BIL,BIL,0.0,,0.0,2.0
2017-09-08,very_risk_on,EEM,EEM,0.250286,,0.0,2.0
2017-09-08,very_risk_on,GLD,GLD,0.486571,UGL,0.0,2.0
2017-09-08,very_risk_on,QQQ,QQQ,0.623185,QLD,0.0,2.0
2017-09-15,very_risk_on,SPY,SPY,0.011289,SSO,0.0,2.0
2017-09-15,very_risk_on,IEF,IEF,0.628668,UST,0.0,2.0
2017-09-15,very_risk_on,BIL,BIL,0.0,,0.0,2.0
2017-09-15,very_risk_on,EEM,EEM,0.250286,,0.0,2.0
2017-09-15,very_risk_on,GLD,GLD,0.486571,UGL,0.0,2.0
2017-09-15,very_risk_on,QQQ,QQQ,0.623185,QLD,0.0,2.0
2017-09-22,very_risk_on,SPY,SPY,0.011289,SSO,0.0,2.0
2017-09-22,very_risk_on,IEF,IEF,0.628668,UST,0.0,2.0
2017-09-22,very_risk_on,BIL,BIL,0.0,,0.0,2.0
2017-09-22,very_risk_on,EEM,EEM,0.250286,,0.0,2.0
2017-09-22,very_risk_on,GLD,GLD,0.486571,UGL,0.0,2.0
2017-09-22,very_risk_on,QQQ,QQQ,0.623185,QLD,0.0,2.0
2017-09-29,risk_on,SPY,SPY,0.355712,SSO,0.644288,2.0
2017-09-29,risk_on,IEF,IEF,0.0,UST,0.0,2.0
2017-09-29,risk_on,BIL,BIL,0.0,,0.0,2.0
2017-09-29,risk_on,EEM,EEM,0.0,,0.0,2.0
2017-09-29,risk_on,GLD,GLD,0.0,UGL,0.0,2.0
2017-09-29,risk_on,QQQ,QQQ,0.355712,QLD,0.0,2.0
2017-10-06,neutral,SPY,SPY,0.672552,SSO,0.0,2.0
2017-10-06,neutral,IEF,IEF,0.898228,UST,0.101772,2.0
2017-10-06,neutral,BIL,BIL,0.0,,0.0,2.0
2017-10-06,neutral,EEM,EEM,0.224364,,0.0,2.0
2017-10-06,neutral,GLD,GLD,0.0,UGL,0.0,2.0
2017-10-06,neutral,QQQ,QQQ,0.001312,QLD,0.0,2.0
2017-10-13,risk_on,SPY,SPY,0.355712,SSO,0.644288,2.0
2017-10-13,risk_on,IEF,IEF,0.0,UST,0.0,2.0
2017-10-13,risk_on,BIL,BIL,0.0,,0.0,2.0
2017-10-13,risk_on,EEM,EEM,0.0,,0.0,2.0
2017-10-13,risk_on,GLD,GLD,0.0,UGL,0.0,2.0
2017-10-13,risk_on,QQQ,QQQ,0.355712,QLD,0.0,2.0
2017-10-20,risk_on,SPY,SPY,0.355712,SSO,0.644288,2.0
2017-10-20,risk_on,IEF,IEF,0.0,UST,0.0,2.0
2017-10-20,risk_on,BIL,BIL,0.0,,0.0,2.0
2017-10-20,risk_on,EEM,EEM,0.0,,0.0,2.0
2017-10-20,risk_on,GLD,GLD,0.0,UGL,0.0,2.0
2017-10-20,risk_on,QQQ,QQQ,0.355712,QLD,0.0,2.0
2017-10-27,risk_on,SPY,SPY,0.355712,SSO,0.644288,2.0
2017-10-27,risk_on,IEF,IEF,0.0,UST,0.0,2.0
2017-10-27,risk_on,BIL,BIL,0.0,,0.0,2.0
2017-10-27,risk_on,EEM,EEM,0.0,,0.0,2.0
2017-10-27,risk_on,GLD,GLD,0.0,UGL,0.0,2.0
2017-10-27,risk_on,QQQ,QQQ,0.355712,QLD,0.0,2.0
2017-11-03,neutral,SPY,SPY,0.739774,SSO,0.0,2.0
2017-11-03,neutral,IEF,IEF,0.897254,UST,0.0,2.0
2017-11-03,neutral,BIL,BIL,0.0,,0.0,2.0
2017-11-03,neutral,EEM,EEM,0.359373,,0.0,2.0
2017-11-03,neutral,GLD,GLD,0.003599,UGL,0.0,2.0
2017-11-03,neutral,QQQ,QQQ,0.0,QLD,0.0,2.0
2017-11-10,risk_off,SPY,SPY,0.700446,SSO,0.0,2.0
2017-11-10,risk_off,IEF,IEF,0.949331,UST,0.0,2.0
2017-11-10,risk_off,BIL,BIL,0.0,,0.0,2.0
2017-11-10,risk_off,EEM,EEM,0.350223,,0.0,2.0
2017-11-10,risk_off,GLD,GLD,0.0,UGL,0.0,2.0
2017-11-10,risk_off,QQQ,QQQ,0.0,QLD,0.0,2.0
2017-11-17,risk_on,SPY,SPY,0.494647,SSO,0.505353,2.0
2017-11-17,risk_on,IEF,IEF,0.494647,UST,0.0,2.0
2017-11-17,risk_on,BIL,BIL,0.0,,0.0,2.0
2017-11-17,risk_on,EEM,EEM,0.0,,0.0,2.0
2017-11-17,risk_on,GLD,GLD,0.0,UGL,0.0,2.0
2017-11-17,risk_on,QQQ,QQQ,0.0,QLD,0.0,2.0
2017-11-24,neutral,SPY,SPY,0.739774,SSO,0.0,2.0
2017-11-24,neutral,IEF,IEF,0.897254,UST,0.0,2.0
2017-11-24,neutral,BIL,BIL,0.0,,0.0,2.0
2017-11-24,neutral,EEM,EEM,0.359373,,0.0,2.0
2017-11-24,neutral,GLD,GLD,0.003599,UGL,0.0,2.0
2017-11-24,neutral,QQQ,QQQ,0.0,QLD,0.0,2.0
2017-12-01,very_risk_on,SPY,SPY,0.006164,SSO,0.0,2.0
2017-12-01,very_risk_on,IEF,IEF,0.616276,UST,0.0,2.0
2017-12-01,very_risk_on,BIL,BIL,0.0,,0.0,2.0
2017-12-01,very_risk_on,EEM,EEM,0.354499,,0.0,2.0
2017-12-01,very_risk_on,GLD,GLD,0.492045,UGL,0.0,2.0
2017-12-01,very_risk_on,QQQ,QQQ,0.531015,QLD,0.0,2.0
2017-12-08,neutral,SPY,SPY,0.846729,SSO,0.153271,2.0
2017-12-08,neutral,IEF,IEF,0.270889,UST,0.0,2.0
2017-12-08,neutral,BIL,BIL,0.0,,0.0,2.0
2017-12-08,neutral,EEM,EEM,0.392201,,0.0,2.0
2017-12-08,neutral,GLD,GLD,0.183639,UGL,0.0,2.0
2017-12-08,neutral,QQQ,QQQ,0.0,QLD,0.0,2.0
2017-12-15,very_risk_on,SPY,SPY,0.006164,SSO,0.0,2.0
2017-12-15,very_risk_on,IEF,IEF,0.616276,UST,0.0,2.0
2017-12-15,very_risk_on,BIL,BIL,0.0,,0.0,2.0
2017-12-15,very_risk_on,EEM,EEM,0.354499,,0.0,2.0
2017-12-15,very_risk_on,GLD,GLD,0.492045,UGL,0.0,2.0
2017-12-15,very_risk_on,QQQ,QQQ,0.531015,QLD,0.0,2.0
2017-12-22,risk_on,SPY,SPY,0.500636,SSO,0.499364,2.0
2017-12-22,risk_on,IEF,IEF,0.412253,UST,0.0,2.0
2017-12-22,risk_on,BIL,BIL,0.0,,0.0,2.0
2017-12-22,risk_on,EEM,EEM,0.088382,,0.0,2.0
2017-12-22,risk_on,GLD,GLD,0.0,UGL,0.0,2.0
2017-12-22,risk_on,QQQ,QQQ,0.0,QLD,0.0,2.0
2017-12-29,very_risk_on,SPY,SPY,0.006164,SSO,0.0,2.0
2017-12-29,very_risk_on,IEF,IEF,0.616276,UST,0.0,2.0
2017-12-29,very_risk_on,BIL,BIL,0.0,,0.0,2.0
2017-12-29,very_risk_on,EEM,EEM,0.354499,,0.0,2.0
2017-12-29,very_risk_on,GLD,GLD,0.492045,UGL,0.0,2.0
2017-12-29,very_risk_on,QQQ,QQQ,0.531015,QLD,0.0,2.0
2018-01-05,very_risk_on,SPY,SPY,0.111126,SSO,0.0,2.0
2018-01-05,very_risk_on,IEF,IEF,0.609946,UST,0.0,2.0
2018-01-05,very_risk_on,BIL,BIL,0.0,,0.0,2.0
2018-01-05,very_risk_on,EEM,EEM,0.420163,,0.0,2.0
2018-01-05,very_risk_on,GLD,GLD,0.494729,UGL,0.0,2.0
2018-01-05,very_risk_on,QQQ,QQQ,0.364036,QLD,0.0,2.0
2018-01-12,risk_on,SPY,SPY,0.500636,SSO,0.499364,2.0
2018-01-12,risk_on,IEF,IEF,0.412253,UST,0.0,2.0
2018-01-12,risk_on,BIL,BIL,0.0,,0.0,2.0
2018-01-12,risk_on,EEM,EEM,0.088382,,0.0,2.0
2018-01-12,risk_on,GLD,GLD,0.0,UGL,0.0,2.0
2018-01-12,risk_on,QQQ,QQQ,0.0,QLD,0.0,2.0
2018-01-19,risk_on,SPY,SPY,0.500636,SSO,0.499364,2.0
2018-01-19,risk_on,IEF,IEF,0.412253,UST,0.0,2.0
2018-01-19,risk_on,BIL,BIL,0.0,,0.0,2.0
2018-01-19,risk_on,EEM,EEM,0.088382,,0.0,2.0
2018-01-19,risk_on,GLD,GLD,0.0,UGL,0.0,2.0
2018-01-19,risk_on,QQQ,QQQ,0.0,QLD,0.0,2.0
2018-01-26,risk_on,SPY,SPY,0.500636,SSO,0.499364,2.0
2018-01-26,risk_on,IEF,IEF,0.412253,UST,0.0,2.0
2018-01-26,risk_on,BIL,BIL,0.0,,0.0,2.0
2018-01-26,risk_on,EEM,EEM,0.088382,,0.0,2.0
2018-01-26,risk_on,GLD,GLD,0.0,UGL,0.0,2.0
2018-01-26,risk_on,QQQ,QQQ,0.0,QLD,0.0,2.0
2018-02-02,risk_on,SPY,SPY,0.484429,SSO,0.515571,2.0
2018-02-02,risk_on,IEF,IEF,0.484429,UST,0.0,2.0
2018-02-02,risk_on,BIL,BIL,0.0,,0.0,2.0
2018-02-02,risk_on,EEM,EEM,0.0,,0.0,2.0
2018-02-02,risk_on,GLD,GLD,0.0,UGL,0.0,2.0
2018-02-02,risk_on,QQQ,QQQ,0.0,QLD,0.0,2.0
2018-02-09,risk_off,SPY,SPY,0.778774,SSO,0.0,2.0
2018-02-09,risk_off,IEF,IEF,0.579322,UST,0.0,2.0
2018-02-09,risk_off,BIL,BIL,0.533246,,0.0,2.0
2018-02-09,risk_off,EEM,EEM,0.099349,,0.0,2.0
2018-02-09,risk_off,GLD,GLD,0.0,UGL,0.0,2.0
2018-02-09,risk_off,QQQ,QQQ,0.009309,QLD,0.0,2.0
2018-02-16,risk_off,SPY,SPY,0.778774,SSO,0.0,2.0
2018-02-16,risk_off,IEF,IEF,0.579322,UST,0.0,2.0
2018-02-16,risk_off,BIL,BIL,0.533246,,0.0,2.0
2018-02-16,risk_off,EEM,EEM,0.099349,,0.0,2.0
2018-02-16,risk_off,GLD,GLD,0.0,UGL,0.0,2.0
2018-02-16,risk_off,QQQ,QQQ,0.009309,QLD,0.0,2.0
2018-02-23,risk_off,SPY,SPY,0.778774,SSO,0.0,2.0
2018-02-23,risk_off,IEF,IEF,0.579322,UST,0.0,2.0
2018-02-23,risk_off,BIL,BIL,0.533246,,0.0,2.0
2018-02-23,risk_off,EEM,EEM,0.099349,,0.0,2.0
2018-02-23,risk_off,GLD,GLD,0.0,UGL,0.0,2.0
2018-02-23,risk_off,QQQ,QQQ,0.009309,QLD,0.0,2.0
2018-03-02,very_risk_on,SPY,SPY,0.221279,SSO,0.0,2.0
2018-03-02,very_risk_on,IEF,IEF,0.676492,UST,0.0,2.0
2018-03-02,very_risk_on,BIL,BIL,0.0,,0.0,2.0
2018-03-02,very_risk_on,EEM,EEM,0.480603,,0.0,2.0
2018-03-02,very_risk_on,GLD,GLD,0.426924,UGL,0.0,2.0
2018-03-02,very_risk_on,QQQ,QQQ,0.194701,QLD,0.0,2.0
2018-03-09,risk_off,SPY,SPY,0.490313,SSO,0.0,1.367882
2018-03-09,risk_off,IEF,IEF,0.0,UST,0.0,1.367882
2018-03-09,risk_off,BIL,BIL,0.355299,,0.0,1.367882
2018-03-09,risk_off,EEM,EEM,0.118815,,0.0,1.367882
2018-03-09,risk_off,GLD,GLD,0.0,UGL,0.0,1.367882
2018-03-09,risk_off,QQQ,QQQ,0.403455,QLD,0.0,1.367882
2018-03-16,risk_off,SPY,SPY,0.470333,SSO,0.0,1.312141
2018-03-16,risk_off,IEF,IEF,0.0,UST,0.0,1.312141
2018-03-16,risk_off,BIL,BIL,0.340821,,0.0,1.312141
2018-03-16,risk_off,EEM,EEM,0.113973,,0.0,1.312141
2018-03-16,risk_off,GLD,GLD,0.0,UGL,0.0,1.312141
2018-03-16,risk_off,QQQ,QQQ,0.387015,QLD,0.0,1.312141
2018-03-23,risk_on,SPY,SPY,0.484429,SSO,0.515571,2.0
2018-03-23,risk_on,IEF,IEF,0.484429,UST,0.0,2.0
2018-03-23,risk_on,BIL,BIL,0.0,,0.0,2.0
2018-03-23,risk_on,EEM,EEM,0.0,,0.0,2.0
2018-03-23,risk_on,GLD,GLD,0.0,UGL,0.0,2.0
2018-03-23,risk_on,QQQ,QQQ,0.0,QLD,0.0,2.0
2018-03-30,neutral,SPY,SPY,0.836554,SSO,0.163446,2.0
2018-03-30,neutral,IEF,IEF,0.650839,UST,0.0,2.0
2018-03-30,neutral,BIL,BIL,0.0,,0.0,2.0
2018-03-30,neutral,EEM,EEM,0.093527,,0.0,2.0
2018-03-30,neutral,GLD,GLD,0.092188,UGL,0.0,2.0
2018-03-30,neutral,QQQ,QQQ,0.0,QLD,0.0,2.0
2018-04-06,risk_on,SPY,SPY,0.457679,SSO,0.542321,2.0
2018-04-06,risk_on,IEF,IEF,0.457679,UST,0.0,2.0
2018-04-06,risk_on,BIL,BIL,0.0,,0.0,2.0
2018-04-06,risk_on,EEM,EEM,0.0,,0.0,2.0
2018-04-06,risk_on,GLD,GLD,0.0,UGL,0.0,2.0
2018-04-06,risk_on,QQQ,QQQ,0.0,QLD,0.0,2.0
2018-04-13,risk_on,SPY,SPY,0.457679,SSO,0.542321,2.0
2018-04-13,risk_on,IEF,IEF,0.457679,UST,0.0,2.0
2018-04-13,risk_on,BIL,BIL,0.0,,0.0,2.0
2018-04-13,risk_on,EEM,EEM,0.0,,0.0,2.0
2018-04-13,risk_on,GLD,GLD,0.0,UGL,0.0,2.0
2018-04-13,risk_on,QQQ,QQQ,0.0,QLD,0.0,2.0
2018-04-20,neutral,SPY,SPY,0.724756,SSO,0.0,1.681755
2018-04-20,neutral,IEF,IEF,0.0,UST,0.0,1.681755
2018-04-20,neutral,BIL,BIL,0.0,,0.0,1.681755
2018-04-20,neutral,EEM,EEM,0.0,,0.0,1.681755
2018-04-20,neutral,GLD,GLD,0.461784,UGL,0.0,1.681755
2018-04-20,neutral,QQQ,QQQ,0.495215,QLD,0.0,1.681755
2018-04-27,neutral,SPY,SPY,0.725933,SSO,0.0,1.684484
2018-04-27,neutral,IEF,IEF,0.0,UST,0.0,1.684484
2018-04-27,neutral,BIL,BIL,0.0,,0.0,1.684484
2018-04-27,neutral,EEM,EEM,0.0,,0.0,1.684484
2018-04-27,neutral,GLD,GLD,0.462533,UGL,0.0,1.684484
2018-04-27,neutral,QQQ,QQQ,0.496019,QLD,0.0,1.684484
2018-05-04,risk_off,SPY,SPY,0.362587,SSO,0.0,1.180141
2018-05-04,risk_off,IEF,IEF,0.0,UST,0.0,1.180141
2018-05-04,risk_off,BIL,BIL,0.0,,0.0,1.180141
2018-05-04,risk_off,EEM,EEM,0.0,,0.0,1.180141
2018-05-04,risk_off,GLD,GLD,0.475668,UGL,0.0,1.180141
2018-05-04,risk_off,QQQ,QQQ,0.341886,QLD,0.0,1.180141
2018-05-11,risk_off,SPY,SPY,0.365306,SSO,0.0,1.188991
2018-05-11,risk_off,IEF,IEF,0.0,UST,0.0,1.188991
2018-05-11,risk_off,BIL,BIL,0.0,,0.0,1.188991
2018-05-11,risk_off,EEM,EEM,0.0,,0.0,1.188991
2018-05-11,risk_off,GLD,GLD,0.479235,UGL,0.0,1.188991
2018-05-11,risk_off,QQQ,QQQ,0.34445,QLD,0.0,1.188991
2018-05-18,neutral,SPY,SPY,0.42047,SSO,0.0,1.571724
2018-05-18,neutral,IEF,IEF,0.0,UST,0.0,1.571724
2018-05-18,neutral,BIL,BIL,0.0,,0.0,1.571724
2018-05-18,neutral,EEM,EEM,0.0,,0.0,1.571724
2018-05-18,neutral,GLD,GLD,0.426288,UGL,0.0,1.571724
2018-05-18,neutral,QQQ,QQQ,0.724966,QLD,0.0,1.571724
2018-05-25,risk_off,SPY,SPY,0.357648,SSO,0.0,1.164066
2018-05-25,risk_off,IEF,IEF,0.0,UST,0.0,1.164066
2018-05-25,risk_off,BIL,BIL,0.0,,0.0,1.164066
2018-05-25,risk_off,EEM,EEM,0.0,,0.0,1.164066
2018-05-25,risk_off,GLD,GLD,0.469189,UGL,0.0,1.164066
2018-05-25,risk_off,QQQ,QQQ,0.337229,QLD,0.0,1.164066
2018-06-01,neutral,SPY,SPY,0.557114,SSO,0.0,1.424282
2018-06-01,neutral,IEF,IEF,0.0,UST,0.0,1.424282
2018-06-01,neutral,BIL,BIL,0.0,,0.0,1.424282
2018-06-01,neutral,EEM,EEM,0.0,,0.0,1.424282
2018-06-01,neutral,GLD,GLD,0.208166,UGL,0.0,1.424282
2018-06-01,neutral,QQQ,QQQ,0.659002,QLD,0.0,1.424282
2018-06-08,risk_on,SPY,SPY,0.396273,SSO,0.603727,2.0
2018-06-08,risk_on,IEF,IEF,0.0,UST,0.0,2.0
2018-06-08,risk_on,BIL,BIL,0.0,,0.0,2.0
2018-06-08,risk_on,EEM,EEM,0.0,,0.0,2.0
2018-06-08,risk_on,GLD,GLD,0.396273,UGL,0.0,2.0
2018-06-08,risk_on,QQQ,QQQ,0.0,QLD,0.0,2.0
2018-06-15,risk_on,SPY,SPY,0.396273,SSO,0.603727,2.0
2018-06-15,risk_on,IEF,IEF,0.0,UST,0.0,2.0
2018-06-15,risk_on,BIL,BIL,0.0,,0.0,2.0
2018-06-15,risk_on,EEM,EEM,0.0,,0.0,2.0
2018-06-15,risk_on,GLD,GLD,0.396273,UGL,0.0,2.0
2018-06-15,risk_on,QQQ,QQQ,0.0,QLD,0.0,2.0
2018-06-22,risk_on,SPY,SPY,0.396273,SSO,0.603727,2.0
2018-06-22,risk_on,IEF,IEF,0.0,UST,0.0,2.0
2018-06-22,risk_on,BIL,BIL,0.0,,0.0,2.0
2018-06-22,risk_on,EEM,EEM,0.0,,0.0,2.0
2018-06-22,risk_on,GLD,GLD,0.396273,UGL,0.0,2.0
2018-06-22,risk_on,QQQ,QQQ,0.0,QLD,0.0,2.0
2018-06-29,neutral,SPY,SPY,0.558663,SSO,0.0,1.428242
2018-06-29,neutral,IEF,IEF,0.0,UST,0.0,1.428242
2018-06-29,neutral,BIL,BIL,0.0,,0.0,1.428242
2018-06-29,neutral,EEM,EEM,0.0,,0.0,1.428242
2018-06-29,neutral,GLD,GLD,0.208744,UGL,0.0,1.428242
2018-06-29,neutral,QQQ,QQQ,0.660835,QLD,0.0,1.428242
2018-07-06,risk_on,SPY,SPY,0.397286,SSO,0.602714,2.0
2018-07-06,risk_on,IEF,IEF,0.0,UST,0.0,2.0
2018-07-06,risk_on,BIL,BIL,0.0,,0.0,2.0
2018-07-06,risk_on,EEM,EEM,0.0,,0.0,2.0
2018-07-06,risk_on,GLD,GLD,0.397286,UGL,0.0,2.0
2018-07-06,risk_on,QQQ,QQQ,0.0,QLD,0.0,2.0
2018-07-13,neutral,SPY,SPY,0.731979,SSO,0.0,1.787391
2018-07-13,neutral,IEF,IEF,0.530366,UST,0.0,1.787391
2018-07-13,neutral,BIL,BIL,0.0,,0.0,1.787391
2018-07-13,neutral,EEM,EEM,0.525045,,0.0,1.787391
2018-07-13,neutral,GLD,GLD,0.0,UGL,0.0,1.787391
2018-07-13,neutral,QQQ,QQQ,0.0,QLD,0.0,1.787391
2018-07-20,risk_on,SPY,SPY,0.397286,SSO,0.602714,2.0
2018-07-20,risk_on,IEF,IEF,0.0,UST,0.0,2.0
2018-07-20,risk_on,BIL,BIL,0.0,,0.0,2.0
2018-07-20,risk_on,EEM,EEM,0.0,,0.0,2.0
2018-07-20,risk_on,GLD,GLD,0.397286,UGL,0.0,2.0
2018-07-20,risk_on,QQQ,QQQ,0.0,QLD,0.0,2.0
2018-07-27,neutral,SPY,SPY,0.732302,SSO,0.0,1.788179
2018-07-27,neutral,IEF,IEF,0.5306,UST,0.0,1.788179
2018-07-27,neutral,BIL,BIL,0.0,,0.0,1.788179
2018-07-27,neutral,EEM,EEM,0.525277,,0.0,1.788179
2018-07-27,neutral,GLD,GLD,0.0,UGL,0.0,1.788179
2018-07-27,neutral,QQQ,QQQ,0.0,QLD,0.0,1.788179
2018-08-03,neutral,SPY,SPY,0.868681,SSO,0.0,1.303022
2018-08-03,neutral,IEF,IEF,0.0,UST,0.0,1.303022
2018-08-03,neutral,BIL,BIL,0.0,,0.0,1.303022
2018-08-03,neutral,EEM,EEM,0.434341,,0.0,1.303022
2018-08-03,neutral,GLD,GLD,0.0,UGL,0.0,1.303022
2018-08-03,neutral,QQQ,QQQ,0.0,QLD,0.0,1.303022
2018-08-10,neutral,SPY,SPY,0.869432,SSO,0.0,1.304148
2018-08-10,neutral,IEF,IEF,0.0,UST,0.0,1.304148
2018-08-10,neutral,BIL,BIL,0.0,,0.0,1.304148
2018-08-10,neutral,EEM,EEM,0.434716,,0.0,1.304148
2018-08-10,neutral,GLD,GLD,0.0,UGL,0.0,1.304148
2018-08-10,neutral,QQQ,QQQ,0.0,QLD,0.0,1.304148
2018-08-17,neutral,SPY,SPY,0.867034,SSO,0.0,1.300551
2018-08-17,neutral,IEF,IEF,0.0,UST,0.0,1.300551
2018-08-17,neutral,BIL,BIL,0.0,,0.0,1.300551
2018-08-17,neutral,EEM,EEM,0.433517,,0.0,1.300551
2018-08-17,neutral,GLD,GLD,0.0,UGL,0.0,1.300551
2018-08-17,neutral,QQQ,QQQ,0.0,QLD,0.0,1.300551
2018-08-24,neutral,SPY,SPY,0.866514,SSO,0.0,1.299771
2018-08-24,neutral,IEF,IEF,0.0,UST,0.0,1.299771
2018-08-24,neutral,BIL,BIL,0.0,,0.0,1.299771
2018-08-24,neutral,EEM,EEM,0.433257,,0.0,1.299771
2018-08-24,neutral,GLD,GLD,0.0,UGL,0.0,1.299771
2018-08-24,neutral,QQQ,QQQ,0.0,QLD,0.0,1.299771
2018-08-31,risk_on,SPY,SPY,0.406228,SSO,0.593772,2.0
2018-08-31,risk_on,IEF,IEF,0.0,UST,0.0,2.0
2018-08-31,risk_on,BIL,BIL,0.0,,0.0,2.0
2018-08-31,risk_on,EEM,EEM,0.0,,0.0,2.0
2018-08-31,risk_on,GLD,GLD,0.406228,UGL,0.0,2.0
2018-08-31,risk_on,QQQ,QQQ,0.0,QLD,0.0,2.0
2018-09-07,risk_on,SPY,SPY,0.649499,SSO,0.0,1.609766
2018-09-07,risk_on,IEF,IEF,0.0,UST,0.0,1.609766
2018-09-07,risk_on,BIL,BIL,0.0,,0.0,1.609766
2018-09-07,risk_on,EEM,EEM,0.049266,,0.0,1.609766
2018-09-07,risk_on,GLD,GLD,0.0,UGL,0.0,1.609766
2018-09-07,risk_on,QQQ,QQQ,0.911002,QLD,0.0,1.609766
2018-09-14,risk_on,SPY,SPY,0.6462,SSO,0.0,1.601589
2018-09-14,risk_on,IEF,IEF,0.0,UST,0.0,1.601589
2018-09-14,risk_on,BIL,BIL,0.0,,0.0,1.601589
2018-09-14,risk_on,EEM,EEM,0.049015,,0.0,1.601589
2018-09-14,risk_on,GLD,GLD,0.0,UGL,0.0,1.601589
2018-09-14,risk_on,QQQ,QQQ,0.906374,QLD,0.0,1.601589
2018-09-21,risk_on,SPY,SPY,0.645284,SSO,0.0,1.599319
2018-09-21,risk_on,IEF,IEF,0.0,UST,0.0,1.599319
2018-09-21,risk_on,BIL,BIL,0.0,,0.0,1.599319
2018-09-21,risk_on,EEM,EEM,0.048946,,0.0,1.599319
2018-09-21,risk_on,GLD,GLD,0.0,UGL,0.0,1.599319
2018-09-21,risk_on,QQQ,QQQ,0.905089,QLD,0.0,1.599319
2018-09-28,risk_on,SPY,SPY,0.645623,SSO,0.0,1.600159
2018-09-28,risk_on,IEF,IEF,0.0,UST,0.0,1.600159
2018-09-28,risk_on,BIL,BIL,0.0,,0.0,1.600159
2018-09-28,risk_on,EEM,EEM,0.048972,,0.0,1.600159
2018-09-28,risk_on,GLD,GLD,0.0,UGL,0.0,1.600159
2018-09-28,risk_on,QQQ,QQQ,0.905565,QLD,0.0,1.600159
2018-10-05,risk_off,SPY,SPY,0.450228,SSO,0.0,1.250769
2018-10-05,risk_off,IEF,IEF,0.099098,UST,0.0,1.250769
2018-10-05,risk_off,BIL,BIL,0.326252,,0.0,1.250769
2018-10-05,risk_off,EEM,EEM,0.0,,0.0,1.250769
2018-10-05,risk_off,GLD,GLD,0.0,UGL,0.0,1.250769
2018-10-05,risk_off,QQQ,QQQ,0.37519,QLD,0.0,1.250769
2018-10-12,risk_off,SPY,SPY,0.446236,SSO,0.0,1.239679
2018-10-12,risk_off,IEF,IEF,0.09822,UST,0.0,1.239679
2018-10-12,risk_off,BIL,BIL,0.32336,,0.0,1.239679
2018-10-12,risk_off,EEM,EEM,0.0,,0.0,1.239679
2018-10-12,risk_off,GLD,GLD,0.0,UGL,0.0,1.239679
2018-10-12,risk_off,QQQ,QQQ,0.371864,QLD,0.0,1.239679
2018-10-19,risk_off,SPY,SPY,0.430712,SSO,0.0,1.19655
2018-10-19,risk_off,IEF,IEF,0.094802,UST,0.0,1.19655
2018-10-19,risk_off,BIL,BIL,0.31211,,0.0,1.19655
2018-10-19,risk_off,EEM,EEM,0.0,,0.0,1.19655
2018-10-19,risk_off,GLD,GLD,0.0,UGL,0.0,1.19655
2018-10-19,risk_off,QQQ,QQQ,0.358926,QLD,0.0,1.19655
2018-10-26,risk_off,SPY,SPY,0.430487,SSO,0.0,1.195926
2018-10-26,risk_off,IEF,IEF,0.094753,UST,0.0,1.195926
2018-10-26,risk_off,BIL,BIL,0.311947,,0.0,1.195926
2018-10-26,risk_off,EEM,EEM,0.0,,0.0,1.195926
2018-10-26,risk_off,GLD,GLD,0.0,UGL,0.0,1.195926
2018-10-26,risk_off,QQQ,QQQ,0.358739,QLD,0.0,1.195926
2018-11-02,risk_off,SPY,SPY,0.417699,SSO,0.0,1.068461
2018-11-02,risk_off,IEF,IEF,0.0,UST,0.0,1.068461
2018-11-02,risk_off,BIL,BIL,0.30268,,0.0,1.068461
2018-11-02,risk_off,EEM,EEM,0.0,,0.0,1.068461
2018-11-02,risk_off,GLD,GLD,0.0,UGL,0.0,1.068461
2018-11-02,risk_off,QQQ,QQQ,0.348082,QLD,0.0,1.068461
2018-11-09,risk_off,SPY,SPY,0.415699,SSO,0.0,1.063345
2018-11-09,risk_off,IEF,IEF,0.0,UST,0.0,1.063345
2018-11-09,risk_off,BIL,BIL,0.301231,,0.0,1.063345
2018-11-09,risk_off,EEM,EEM,0.0,,0.0,1.063345
2018-11-09,risk_off,GLD,GLD,0.0,UGL,0.0,1.063345
2018-11-09,risk_off,QQQ,QQQ,0.346416,QLD,0.0,1.063345
2018-11-16,risk_off,SPY,SPY,0.414925,SSO,0.0,1.061366
2018-11-16,risk_off,IEF,IEF,0.0,UST,0.0,1.061366
2018-11-16,risk_off,BIL,BIL,0.30067,,0.0,1.061366
2018-11-16,risk_off,EEM,EEM,0.0,,0.0,1.061366
2018-11-16,risk_off,GLD,GLD,0.0,UGL,0.0,1.061366
2018-11-16,risk_off,QQQ,QQQ,0.345771,QLD,0.0,1.061366
2018-11-23,risk_off,SPY,SPY,0.411436,SSO,0.0,1.05244
2018-11-23,risk_off,IEF,IEF,0.0,UST,0.0,1.05244
2018-11-23,risk_off,BIL,BIL,0.298142,,0.0,1.05244
2018-11-23,risk_off,EEM,EEM,0.0,,0.0,1.05244
2018-11-23,risk_off,GLD,GLD,0.0,UGL,0.0,1.05244
2018-11-23,risk_off,QQQ,QQQ,0.342863,QLD,0.0,1.05244
2018-11-30,neutral,SPY,SPY,0.775154,SSO,0.0,1.162731
2018-11-30,neutral,IEF,IEF,0.0,UST,0.0,1.162731
2018-11-30,neutral,BIL,BIL,0.0,,0.0,1.162731
2018-11-30,neutral,EEM,EEM,0.387577,,0.0,1.162731
2018-11-30,neutral,GLD,GLD,0.0,UGL,0.0,1.162731
2018-11-30,neutral,QQQ,QQQ,0.0,QLD,0.0,1.162731
2018-12-07,risk_off,SPY,SPY,0.376506,SSO,0.0,0.963091
2018-12-07,risk_off,IEF,IEF,0.0,UST,0.0,0.963091
2018-12-07,risk_off,BIL,BIL,0.27283,,0.0,0.963091
2018-12-07,risk_off,EEM,EEM,0.0,,0.0,0.963091
2018-12-07,risk_off,GLD,GLD,0.0,UGL,0.0,0.963091
2018-12-07,risk_off,QQQ,QQQ,0.313755,QLD,0.0,0.963091
2018-12-14,risk_off,SPY,SPY,0.362788,SSO,0.0,0.928001
2018-12-14,risk_off,IEF,IEF,0.0,UST,0.0,0.928001
2018-12-14,risk_off,BIL,BIL,0.26289,,0.0,0.928001
2018-12-14,risk_off,EEM,EEM,0.0,,0.0,0.928001
2018-12-14,risk_off,GLD,GLD,0.0,UGL,0.0,0.928001
2018-12-14,risk_off,QQQ,QQQ,0.302323,QLD,0.0,0.928001
2018-12-21,neutral,SPY,SPY,0.729701,SSO,0.0,1.094551
2018-12-21,neutral,IEF,IEF,0.0,UST,0.0,1.094551
2018-12-21,neutral,BIL,BIL,0.0,,0.0,1.094551
2018-12-21,neutral,EEM,EEM,0.36485,,0.0,1.094551
2018-12-21,neutral,GLD,GLD,0.0,UGL,0.0,1.094551
2018-12-21,neutral,QQQ,QQQ,0.0,QLD,0.0,1.094551
2018-12-28,risk_off,SPY,SPY,0.332481,SSO,0.0,0.850476
2018-12-28,risk_off,IEF,IEF,0.0,UST,0.0,0.850476
2018-12-28,risk_off,BIL,BIL,0.240928,,0.0,0.850476
2018-12-28,risk_off,EEM,EEM,0.0,,0.0,0.850476
2018-12-28,risk_off,GLD,GLD,0.0,UGL,0.0,0.850476
2018-12-28,risk_off,QQQ,QQQ,0.277067,QLD,0.0,0.850476
2019-01-04,risk_on,SPY,SPY,0.129548,SSO,0.0,1.683766
2019-01-04,risk_on,IEF,IEF,0.0,UST,0.0,1.683766
2019-01-04,risk_on,BIL,BIL,0.0,,0.0,1.683766
2019-01-04,risk_on,EEM,EEM,0.590129,,0.0,1.683766
2019-01-04,risk_on,GLD,GLD,0.513156,UGL,0.0,1.683766
2019-01-04,risk_on,QQQ,QQQ,0.450933,QLD,0.0,1.683766
2019-01-11,very_risk_on,SPY,SPY,0.459789,SSO,0.0,2.0
2019-01-11,very_risk_on,IEF,IEF,0.690076,UST,0.0,2.0
2019-01-11,very_risk_on,BIL,BIL,0.0,,0.0,2.0
2019-01-11,very_risk_on,EEM,EEM,0.432536,,0.0,2.0
2019-01-11,very_risk_on,GLD,GLD,0.414333,UGL,0.0,2.0
2019-01-11,very_risk_on,QQQ,QQQ,0.003266,QLD,0.0,2.0
2019-01-18,very_risk_on,SPY,SPY,0.459789,SSO,0.0,2.0
2019-01-18,very_risk_on,IEF,IEF,0.690076,UST,0.0,2.0
2019-01-18,very_risk_on,BIL,BIL,0.0,,0.0,2.0
2019-01-18,very_risk_on,EEM,EEM,0.432536,,0.0,2.0
2019-01-18,very_risk_on,GLD,GLD,0.414333,UGL,0.0,2.0
2019-01-18,very_risk_on,QQQ,QQQ,0.003266,QLD,0.0,2.0
2019-01-25,risk_on,SPY,SPY,0.127616,SSO,0.0,1.65866
2019-01-25,risk_on,IEF,IEF,0.0,UST,0.0,1.65866
2019-01-25,risk_on,BIL,BIL,0.0,,0.0,1.65866
2019-01-25,risk_on,EEM,EEM,0.58133,,0.0,1.65866
2019-01-25,risk_on,GLD,GLD,0.505505,UGL,0.0,1.65866
2019-01-25,risk_on,QQQ,QQQ,0.444209,QLD,0.0,1.65866
2019-02-01,very_risk_on,SPY,SPY,0.507023,SSO,0.0,2.0
2019-02-01,very_risk_on,IEF,IEF,0.70169,UST,0.0,2.0
2019-02-01,very_risk_on,BIL,BIL,0.0,,0.0,2.0
2019-02-01,very_risk_on,EEM,EEM,0.451121,,0.0,2.0
2019-02-01,very_risk_on,GLD,GLD,0.340165,UGL,0.0,2.0
2019-02-01,very_risk_on,QQQ,QQQ,0.0,QLD,0.0,2.0
2019-02-08,neutral,SPY,SPY,0.669672,SSO,0.0,1.004507
2019-02-08,neutral,IEF,IEF,0.0,UST,0.0,1.004507
2019-02-08,neutral,BIL,BIL,0.0,,0.0,1.004507
2019-02-08,neutral,EEM,EEM,0.334836,,0.0,1.004507
2019-02-08,neutral,GLD,GLD,0.0,UGL,0.0,1.004507
2019-02-08,neutral,QQQ,QQQ,0.0,QLD,0.0,1.004507
2019-02-15,risk_on,SPY,SPY,0.307372,SSO,0.0,1.590339
2019-02-15,risk_on,IEF,IEF,0.0,UST,0.0,1.590339
2019-02-15,risk_on,BIL,BIL,0.0,,0.0,1.590339
2019-02-15,risk_on,EEM,EEM,0.0,,0.0,1.590339
2019-02-15,risk_on,GLD,GLD,0.480975,UGL,0.0,1.590339
2019-02-15,risk_on,QQQ,QQQ,0.801993,QLD,0.0,1.590339
2019-02-22,risk_on,SPY,SPY,0.305875,SSO,0.0,1.582596
2019-02-22,risk_on,IEF,IEF,0.0,UST,0.0,1.582596
2019-02-22,risk_on,BIL,BIL,0.0,,0.0,1.582596
2019-02-22,risk_on,EEM,EEM,0.0,,0.0,1.582596
2019-02-22,risk_on,GLD,GLD,0.478633,UGL,0.0,1.582596
2019-02-22,risk_on,QQQ,QQQ,0.798088,QLD,0.0,1.582596
2019-03-01,very_risk_on,SPY,SPY,0.57752,SSO,0.0,2.0
2019-03-01,very_risk_on,IEF,IEF,0.601005,UST,0.0,2.0
2019-03-01,very_risk_on,BIL,BIL,0.0,,0.0,2.0
2019-03-01,very_risk_on,EEM,EEM,0.484567,,0.0,2.0
2019-03-01,very_risk_on,GLD,GLD,0.336908,UGL,0.0,2.0
2019-03-01,very_risk_on,QQQ,QQQ,0.0,QLD,0.0,2.0
2019-03-08,neutral,SPY,SPY,0.676566,SSO,0.0,1.014848
2019-03-08,neutral,IEF,IEF,0.0,UST,0.0,1.014848
2019-03-08,neutral,BIL,BIL,0.0,,0.0,1.014848
2019-03-08,neutral,EEM,EEM,0.338283,,0.0,1.014848
2019-03-08,neutral,GLD,GLD,0.0,UGL,0.0,1.014848
2019-03-08,neutral,QQQ,QQQ,0.0,QLD,0.0,1.014848
2019-03-15,risk_on,SPY,SPY,0.208196,SSO,0.0,1.58515
2019-03-15,risk_on,IEF,IEF,0.0,UST,0.0,1.58515
2019-03-15,risk_on,BIL,BIL,0.0,,0.0,1.58515
2019-03-15,risk_on,EEM,EEM,0.0,,0.0,1.58515
2019-03-15,risk_on,GLD,GLD,0.478339,UGL,0.0,1.58515
2019-03-15,risk_on,QQQ,QQQ,0.898614,QLD,0.0,1.58515
2019-03-22,neutral,SPY,SPY,0.665453,SSO,0.0,0.998179
2019-03-22,neutral,IEF,IEF,0.0,UST,0.0,0.998179
2019-03-22,neutral,BIL,BIL,0.0,,0.0,0.998179
2019-03-22,neutral,EEM,EEM,0.332726,,0.0,0.998179
2019-03-22,neutral,GLD,GLD,0.0,UGL,0.0,0.998179
2019-03-22,neutral,QQQ,QQQ,0.0,QLD,0.0,0.998179
2019-03-29,very_risk_on,SPY,SPY,0.57752,SSO,0.0,2.0
2019-03-29,very_risk_on,IEF,IEF,0.601005,UST,0.0,2.0
2019-03-29,very_risk_on,BIL,BIL,0.0,,0.0,2.0
2019-03-29,very_risk_on,EEM,EEM,0.484567,,0.0,2.0
2019-03-29,very_risk_on,GLD,GLD,0.336908,UGL,0.0,2.0
2019-03-29,very_risk_on,QQQ,QQQ,0.0,QLD,0.0,2.0
2019-04-05,risk_on,SPY,SPY,0.144438,SSO,0.0,1.593088
2019-04-05,risk_on,IEF,IEF,0.0,UST,0.0,1.593088
2019-04-05,risk_on,BIL,BIL,0.0,,0.0,1.593088
2019-04-05,risk_on,EEM,EEM,0.0,,0.0,1.593088
2019-04-05,risk_on,GLD,GLD,0.480589,UGL,0.0,1.593088
2019-04-05,risk_on,QQQ,QQQ,0.968061,QLD,0.0,1.593088
2019-04-12,neutral,SPY,SPY,0.717486,SSO,0.0,1.076229
2019-04-12,neutral,IEF,IEF,0.0,UST,0.0,1.076229
2019-04-12,neutral,BIL,BIL,0.0,,0.0,1.076229
2019-04-12,neutral,EEM,EEM,0.358743,,0.0,1.076229
2019-04-12,neutral,GLD,GLD,0.0,UGL,0.0,1.076229
2019-04-12,neutral,QQQ,QQQ,0.0,QLD,0.0,1.076229
2019-04-19,neutral,SPY,SPY,0.752692,SSO,0.0,1.129038
2019-04-19,neutral,IEF,IEF,0.0,UST,0.0,1.129038
2019-04-19,neutral,BIL,BIL,0.0,,0.0,1.129038
2019-04-19,neutral,EEM,EEM,0.376346,,0.0,1.129038
2019-04-19,neutral,GLD,GLD,0.0,UGL,0.0,1.129038
2019-04-19,neutral,QQQ,QQQ,0.0,QLD,0.0,1.129038
2019-04-26,risk_on,SPY,SPY,0.157523,SSO,0.0,1.737411
2019-04-26,risk_on,IEF,IEF,0.0,UST,0.0,1.737411
2019-04-26,risk_on,BIL,BIL,0.0,,0.0,1.737411
2019-04-26,risk_on,EEM,EEM,0.0,,0.0,1.737411
2019-04-26,risk_on,GLD,GLD,0.524128,UGL,0.0,1.737411
2019-04-26,risk_on,QQQ,QQQ,0.944239,QLD,0.055761,1.737411
2019-05-03,risk_off,SPY,SPY,0.347901,SSO,0.0,0.889922
2019-05-03,risk_off,IEF,IEF,0.0,UST,0.0,0.889922
2019-05-03,risk_off,BIL,BIL,0.252102,,0.0,0.889922
2019-05-03,risk_off,EEM,EEM,0.0,,0.0,0.889922
2019-05-03,risk_off,GLD,GLD,0.0,UGL,0.0,0.889922
2019-05-03,risk_off,QQQ,QQQ,0.289918,QLD,0.0,0.889922
2019-05-10,risk_on,SPY,SPY,0.330285,SSO,0.0,1.825908
2019-05-10,risk_on,IEF,IEF,0.0,UST,0.0,1.825908
2019-05-10,risk_on,BIL,BIL,0.0,,0.0,1.825908
2019-05-10,risk_on,EEM,EEM,0.0,,0.0,1.825908
2019-05-10,risk_on,GLD,GLD,0.549312,UGL,0.0,1.825908
2019-05-10,risk_on,QQQ,QQQ,0.946311,QLD,0.0,1.825908
2019-05-17,neutral,SPY,SPY,0.867973,SSO,0.132027,1.923862
2019-05-17,neutral,IEF,IEF,0.791835,UST,0.0,1.923862
2019-05-17,neutral,BIL,BIL,0.0,,0.0,1.923862
2019-05-17,neutral,EEM,EEM,0.0,,0.0,1.923862
2019-05-17,neutral,GLD,GLD,0.0,UGL,0.0,1.923862
2019-05-17,neutral,QQQ,QQQ,0.0,QLD,0.0,1.923862
2019-05-24,neutral,SPY,SPY,0.823172,SSO,0.176828,2.0
2019-05-24,neutral,IEF,IEF,0.823172,UST,0.0,2.0
2019-05-24,neutral,BIL,BIL,0.0,,0.0,2.0
2019-05-24,neutral,EEM,EEM,0.0,,0.0,2.0
2019-05-24,neutral,GLD,GLD,0.0,UGL,0.0,2.0
2019-05-24,neutral,QQQ,QQQ,0.0,QLD,0.0,2.0
2019-05-31,neutral,SPY,SPY,0.823172,SSO,0.176828,2.0
2019-05-31,neutral,IEF,IEF,0.823172,UST,0.0,2.0
2019-05-31,neutral,BIL,BIL,0.0,,0.0,2.0
2019-05-31,neutral,EEM,EEM,0.0,,0.0,2.0
2019-05-31,neutral,GLD,GLD,0.0,UGL,0.0,2.0
2019-05-31,neutral,QQQ,QQQ,0.0,QLD,0.0,2.0
2019-06-07,risk_on,SPY,SPY,0.145155,SSO,0.0,1.832963
2019-06-07,risk_on,IEF,IEF,0.0,UST,0.0,1.832963
2019-06-07,risk_on,BIL,BIL,0.0,,0.0,1.832963
2019-06-07,risk_on,EEM,EEM,0.0,,0.0,1.832963
2019-06-07,risk_on,GLD,GLD,0.550686,UGL,0.0,1.832963
2019-06-07,risk_on,QQQ,QQQ,0.862879,QLD,0.137121,1.832963
2019-06-14,risk_on,SPY,SPY,0.141789,SSO,0.0,1.790455
2019-06-14,risk_on,IEF,IEF,0.0,UST,0.0,1.790455
2019-06-14,risk_on,BIL,BIL,0.0,,0.0,1.790455
2019-06-14,risk_on,EEM,EEM,0.0,,0.0,1.790455
2019-06-14,risk_on,GLD,GLD,0.537915,UGL,0.0,1.790455
2019-06-14,risk_on,QQQ,QQQ,0.88925,QLD,0.11075,1.790455
2019-06-21,very_risk_on,SPY,SPY,0.825608,SSO,0.0,2.0
2019-06-21,very_risk_on,IEF,IEF,0.700333,UST,0.0,2.0
2019-06-21,very_risk_on,BIL,BIL,0.0,,0.0,2.0
2019-06-21,very_risk_on,EEM,EEM,0.177897,,0.0,2.0
2019-06-21,very_risk_on,GLD,GLD,0.296162,UGL,0.0,2.0
2019-06-21,very_risk_on,QQQ,QQQ,0.0,QLD,0.0,2.0
2019-06-28,very_risk_on,SPY,SPY,0.825608,SSO,0.0,2.0
2019-06-28,very_risk_on,IEF,IEF,0.700333,UST,0.0,2.0
2019-06-28,very_risk_on,BIL,BIL,0.0,,0.0,2.0
2019-06-28,very_risk_on,EEM,EEM,0.177897,,0.0,2.0
2019-06-28,very_risk_on,GLD,GLD,0.296162,UGL,0.0,2.0
2019-06-28,very_risk_on,QQQ,QQQ,0.0,QLD,0.0,2.0
2019-07-05,very_risk_on,SPY,SPY,0.821433,SSO,0.0,2.0
2019-07-05,very_risk_on,IEF,IEF,0.692078,UST,0.0,2.0
2019-07-05,very_risk_on,BIL,BIL,0.0,,0.0,2.0
2019-07-05,very_risk_on,EEM,EEM,0.181821,,0.0,2.0
2019-07-05,very_risk_on,GLD,GLD,0.304669,UGL,0.0,2.0
2019-07-05,very_risk_on,QQQ,QQQ,0.0,QLD,0.0,2.0
2019-07-12,risk_off,SPY,SPY,0.218817,SSO,0.0,1.514055
2019-07-12,risk_off,IEF,IEF,0.841238,UST,0.0,1.514055
2019-07-12,risk_off,BIL,BIL,0.0,,0.0,1.514055
2019-07-12,risk_off,EEM,EEM,0.006302,,0.0,1.514055
2019-07-12,risk_off,GLD,GLD,0.0,UGL,0.0,1.514055
2019-07-12,risk_off,QQQ,QQQ,0.447697,QLD,0.0,1.514055
2019-07-19,neutral,SPY,SPY,0.835145,SSO,0.164855,2.0
2019-07-19,neutral,IEF,IEF,0.835145,UST,0.0,2.0
2019-07-19,neutral,BIL,BIL,0.0,,0.0,2.0
2019-07-19,neutral,EEM,EEM,0.0,,0.0,2.0
2019-07-19,neutral,GLD,GLD,0.0,UGL,0.0,2.0
2019-07-19,neutral,QQQ,QQQ,0.0,QLD,0.0,2.0
2019-07-26,risk_on,SPY,SPY,0.590039,SSO,0.0,1.814647
2019-07-26,risk_on,IEF,IEF,0.0,UST,0.0,1.814647
2019-07-26,risk_on,BIL,BIL,0.0,,0.0,1.814647
2019-07-26,risk_on,EEM,EEM,0.0,,0.0,1.814647
2019-07-26,risk_on,GLD,GLD,0.50004,UGL,0.0,1.814647
2019-07-26,risk_on,QQQ,QQQ,0.724567,QLD,0.0,1.814647
2019-08-02,neutral,SPY,SPY,0.319946,SSO,0.0,2.0
2019-08-02,neutral,IEF,IEF,0.897816,UST,0.102184,2.0
2019-08-02,neutral,BIL,BIL,0.0,,0.0,2.0
2019-08-02,neutral,EEM,EEM,0.576251,,0.0,2.0
2019-08-02,neutral,GLD,GLD,0.0,UGL,0.0,2.0
2019-08-02,neutral,QQQ,QQQ,0.001618,QLD,0.0,2.0
2019-08-09,neutral,SPY,SPY,0.319946,SSO,0.0,2.0
2019-08-09,neutral,IEF,IEF,0.897816,UST,0.102184,2.0
2019-08-09,neutral,BIL,BIL,0.0,,0.0,2.0
2019-08-09,neutral,EEM,EEM,0.576251,,0.0,2.0
2019-08-09,neutral,GLD,GLD,0.0,UGL,0.0,2.0
2019-08-09,neutral,QQQ,QQQ,0.001618,QLD,0.0,2.0
2019-08-16,neutral,SPY,SPY,0.319946,SSO,0.0,2.0
2019-08-16,neutral,IEF,IEF,0.897816,UST,0.102184,2.0
2019-08-16,neutral,BIL,BIL,0.0,,0.0,2.0
2019-08-16,neutral,EEM,EEM,0.576251,,0.0,2.0
2019-08-16,neutral,GLD,GLD,0.0,UGL,0.0,2.0
2019-08-16,neutral,QQQ,QQQ,0.001618,QLD,0.0,2.0
2019-08-23,risk_on,SPY,SPY,0.580958,SSO,0.0,1.786717
2019-08-23,risk_on,IEF,IEF,0.0,UST,0.0,1.786717
2019-08-23,risk_on,BIL,BIL,0.0,,0.0,1.786717
2019-08-23,risk_on,EEM,EEM,0.0,,0.0,1.786717
2019-08-23,risk_on,GLD,GLD,0.492344,UGL,0.0,1.786717
2019-08-23,risk_on,QQQ,QQQ,0.713415,QLD,0.0,1.786717
2019-08-30,neutral,SPY,SPY,0.319946,SSO,0.0,2.0
2019-08-30,neutral,IEF,IEF,0.897816,UST,0.102184,2.0
2019-08-30,neutral,BIL,BIL,0.0,,0.0,2.0
2019-08-30,neutral,EEM,EEM,0.576251,,0.0,2.0
2019-08-30,neutral,GLD,GLD,0.0,UGL,0.0,2.0
2019-08-30,neutral,QQQ,QQQ,0.001618,QLD,0.0,2.0
2019-09-06,neutral,SPY,SPY,0.860916,SSO,0.0,2.0
2019-09-06,neutral,IEF,IEF,0.88425,UST,0.11575,2.0
2019-09-06,neutral,BIL,BIL,0.0,,0.0,2.0
2019-09-06,neutral,EEM,EEM,0.011667,,0.0,2.0
2019-09-06,neutral,GLD,GLD,0.0,UGL,0.0,2.0
2019-09-06,neutral,QQQ,QQQ,0.011667,QLD,0.0,2.0
2019-09-13,risk_on,SPY,SPY,0.848655,SSO,0.0,1.911326
2019-09-13,risk_on,IEF,IEF,0.0,UST,0.0,1.911326
2019-09-13,risk_on,BIL,BIL,0.0,,0.0,1.911326
2019-09-13,risk_on,EEM,EEM,0.0,,0.0,1.911326
2019-09-13,risk_on,GLD,GLD,0.573665,UGL,0.0,1.911326
2019-09-13,risk_on,QQQ,QQQ,0.489005,QLD,0.0,1.911326
2019-09-20,very_risk_on,SPY,SPY,0.791086,SSO,0.0,2.0
2019-09-20,very_risk_on,IEF,IEF,0.806696,UST,0.0,2.0
2019-09-20,very_risk_on,BIL,BIL,0.0,,0.0,2.0
2019-09-20,very_risk_on,EEM,EEM,0.104024,,0.0,2.0
2019-09-20,very_risk_on,GLD,GLD,0.296114,UGL,0.0,2.0
2019-09-20,very_risk_on,QQQ,QQQ,0.002081,QLD,0.0,2.0
2019-09-27,risk_on,SPY,SPY,0.849821,SSO,0.0,1.913951
2019-09-27,risk_on,IEF,IEF,0.0,UST,0.0,1.913951
2019-09-27,risk_on,BIL,BIL,0.0,,0.0,1.913951
2019-09-27,risk_on,EEM,EEM,0.0,,0.0,1.913951
2019-09-27,risk_on,GLD,GLD,0.574453,UGL,0.0,1.913951
2019-09-27,risk_on,QQQ,QQQ,0.489677,QLD,0.0,1.913951
2019-10-04,risk_on,SPY,SPY,0.529213,SSO,0.0,1.721352
2019-10-04,risk_on,IEF,IEF,0.0,UST,0.0,1.721352
2019-10-04,risk_on,BIL,BIL,0.0,,0.0,1.721352
2019-10-04,risk_on,EEM,EEM,0.0,,0.0,1.721352
2019-10-04,risk_on,GLD,GLD,0.439823,UGL,0.0,1.721352
2019-10-04,risk_on,QQQ,QQQ,0.752316,QLD,0.0,1.721352
2019-10-11,risk_on,SPY,SPY,0.52915,SSO,0.0,1.721146
2019-10-11,risk_on,IEF,IEF,0.0,UST,0.0,1.721146
2019-10-11,risk_on,BIL,BIL,0.0,,0.0,1.721146
2019-10-11,risk_on,EEM,EEM,0.0,,0.0,1.721146
2019-10-11,risk_on,GLD,GLD,0.439771,UGL,0.0,1.721146
2019-10-11,risk_on,QQQ,QQQ,0.752226,QLD,0.0,1.721146
2019-10-18,risk_on,SPY,SPY,0.529832,SSO,0.0,1.723366
2019-10-18,risk_on,IEF,IEF,0.0,UST,0.0,1.723366
2019-10-18,risk_on,BIL,BIL,0.0,,0.0,1.723366
2019-10-18,risk_on,EEM,EEM,0.0,,0.0,1.723366
2019-10-18,risk_on,GLD,GLD,0.440338,UGL,0.0,1.723366
2019-10-18,risk_on,QQQ,QQQ,0.753196,QLD,0.0,1.723366
2019-10-25,very_risk_on,SPY,SPY,0.875868,SSO,0.0,2.0
2019-10-25,very_risk_on,IEF,IEF,0.621479,UST,0.0,2.0
2019-10-25,very_risk_on,BIL,BIL,0.0,,0.0,2.0
2019-10-25,very_risk_on,EEM,EEM,0.007204,,0.0,2.0
2019-10-25,very_risk_on,GLD,GLD,0.488246,UGL,0.0,2.0
2019-10-25,very_risk_on,QQQ,QQQ,0.007204,QLD,0.0,2.0
2019-11-01,very_risk_on,SPY,SPY,0.875868,SSO,0.0,2.0
2019-11-01,very_risk_on,IEF,IEF,0.621479,UST,0.0,2.0
2019-11-01,very_risk_on,BIL,BIL,0.0,,0.0,2.0
2019-11-01,very_risk_on,EEM,EEM,0.007204,,0.0,2.0
2019-11-01,very_risk_on,GLD,GLD,0.488246,UGL,0.0,2.0
2019-11-01,very_risk_on,QQQ,QQQ,0.007204,QLD,0.0,2.0
2019-11-08,risk_on,SPY,SPY,0.67485,SSO,0.0,1.878367
2019-11-08,risk_on,IEF,IEF,0.0,UST,0.0,1.878367
2019-11-08,risk_on,BIL,BIL,0.0,,0.0,1.878367
2019-11-08,risk_on,EEM,EEM,0.0,,0.0,1.878367
2019-11-08,risk_on,GLD,GLD,0.564964,UGL,0.0,1.878367
2019-11-08,risk_on,QQQ,QQQ,0.638552,QLD,0.0,1.878367
2019-11-15,neutral,SPY,SPY,0.866532,SSO,0.0,2.0
2019-11-15,neutral,IEF,IEF,0.886513,UST,0.113487,2.0
2019-11-15,neutral,BIL,BIL,0.0,,0.0,2.0
2019-11-15,neutral,EEM,EEM,0.00999,,0.0,2.0
2019-11-15,neutral,GLD,GLD,0.0,UGL,0.0,2.0
2019-11-15,neutral,QQQ,QQQ,0.00999,QLD,0.0,2.0
2019-11-22,neutral,SPY,SPY,0.866532,SSO,0.0,2.0
2019-11-22,neutral,IEF,IEF,0.886513,UST,0.113487,2.0
2019-11-22,neutral,BIL,BIL,0.0,,0.0,2.0
2019-11-22,neutral,EEM,EEM,0.00999,,0.0,2.0
2019-11-22,neutral,GLD,GLD,0.0,UGL,0.0,2.0
2019-11-22,neutral,QQQ,QQQ,0.00999,QLD,0.0,2.0
2019-11-29,very_risk_on,SPY,SPY,0.875868,SSO,0.0,2.0
2019-11-29,very_risk_on,IEF,IEF,0.621479,UST,0.0,2.0
2019-11-29,very_risk_on,BIL,BIL,0.0,,0.0,2.0
2019-11-29,very_risk_on,EEM,EEM,0.007204,,0.0,2.0
2019-11-29,very_risk_on,GLD,GLD,0.488246,UGL,0.0,2.0
2019-11-29,very_risk_on,QQQ,QQQ,0.007204,QLD,0.0,2.0
2019-12-06,very_risk_on,SPY,SPY,0.875253,SSO,0.0,2.0
2019-12-06,very_risk_on,IEF,IEF,0.621409,UST,0.0,2.0
2019-12-06,very_risk_on,BIL,BIL,0.0,,0.0,2.0
2019-12-06,very_risk_on,EEM,EEM,0.007387,,0.0,2.0
2019-12-06,very_risk_on,GLD,GLD,0.488564,UGL,0.0,2.0
2019-12-06,very_risk_on,QQQ,QQQ,0.007387,QLD,0.0,2.0
2019-12-13,very_risk_on,SPY,SPY,0.875253,SSO,0.0,2.0
2019-12-13,very_risk_on,IEF,IEF,0.621409,UST,0.0,2.0
2019-12-13,very_risk_on,BIL,BIL,0.0,,0.0,2.0
2019-12-13,very_risk_on,EEM,EEM,0.007387,,0.0,2.0
2019-12-13,very_risk_on,GLD,GLD,0.488564,UGL,0.0,2.0
2019-12-13,very_risk_on,QQQ,QQQ,0.007387,QLD,0.0,2.0
2019-12-20,very_risk_on,SPY,SPY,0.875253,SSO,0.0,2.0
2019-12-20,very_risk_on,IEF,IEF,0.621409,UST,0.0,2.0
2019-12-20,very_risk_on,BIL,BIL,0.0,,0.0,2.0
2019-12-20,very_risk_on,EEM,EEM,0.007387,,0.0,2.0
2019-12-20,very_risk_on,GLD,GLD,0.488564,UGL,0.0,2.0
2019-12-20,very_risk_on,QQQ,QQQ,0.007387,QLD,0.0,2.0
2019-12-27,very_risk_on,SPY,SPY,0.875253,SSO,0.0,2.0
2019-12-27,very_risk_on,IEF,IEF,0.621409,UST,0.0,2.0
2019-12-27,very_risk_on,BIL,BIL,0.0,,0.0,2.0
2019-12-27,very_risk_on,EEM,EEM,0.007387,,0.0,2.0
2019-12-27,very_risk_on,GLD,GLD,0.488564,UGL,0.0,2.0
2019-12-27,very_risk_on,QQQ,QQQ,0.007387,QLD,0.0,2.0
2020-01-03,very_risk_on,SPY,SPY,0.746438,SSO,0.0,2.0
2020-01-03,very_risk_on,IEF,IEF,0.844322,UST,0.0,2.0
2020-01-03,very_risk_on,BIL,BIL,0.0,,0.0,2.0
2020-01-03,very_risk_on,EEM,EEM,0.00384,,0.0,2.0
2020-01-03,very_risk_on,GLD,GLD,0.260862,UGL,0.0,2.0
2020-01-03,very_risk_on,QQQ,QQQ,0.144539,QLD,0.0,2.0
2020-01-10,very_risk_on,SPY,SPY,0.746438,SSO,0.0,2.0
2020-01-10,very_risk_on,IEF,IEF,0.844322,UST,0.0,2.0
2020-01-10,very_risk_on,BIL,BIL,0.0,,0.0,2.0
2020-01-10,very_risk_on,EEM,EEM,0.00384,,0.0,2.0
2020-01-10,very_risk_on,GLD,GLD,0.260862,UGL,0.0,2.0
2020-01-10,very_risk_on,QQQ,QQQ,0.144539,QLD,0.0,2.0
2020-01-17,very_risk_on,SPY,SPY,0.746438,SSO,0.0,2.0
2020-01-17,very_risk_on,IEF,IEF,0.844322,UST,0.0,2.0
2020-01-17,very_risk_on,BIL,BIL,0.0,,0.0,2.0
2020-01-17,very_risk_on,EEM,EEM,0.00384,,0.0,2.0
2020-01-17,very_risk_on,GLD,GLD,0.260862,UGL,0.0,2.0
2020-01-17,very_risk_on,QQQ,QQQ,0.144539,QLD,0.0,2.0
2020-01-24,neutral,SPY,SPY,0.866306,SSO,0.0,2.0
2020-01-24,neutral,IEF,IEF,0.886422,UST,0.113578,2.0
2020-01-24,neutral,BIL,BIL,0.0,,0.0,2.0
2020-01-24,neutral,EEM,EEM,0.010058,,0.0,2.0
2020-01-24,neutral,GLD,GLD,0.0,UGL,0.0,2.0
2020-01-24,neutral,QQQ,QQQ,0.010058,QLD,0.0,2.0
2020-01-31,risk_on,SPY,SPY,0.77662,SSO,0.0,2.0
2020-01-31,risk_on,IEF,IEF,0.0,UST,0.0,2.0
2020-01-31,risk_on,BIL,BIL,0.0,,0.0,2.0
2020-01-31,risk_on,EEM,EEM,0.0,,0.0,2.0
2020-01-31,risk_on,GLD,GLD,0.602114,UGL,0.0,2.0
2020-01-31,risk_on,QQQ,QQQ,0.621266,QLD,0.0,2.0
2020-02-07,neutral,SPY,SPY,0.860255,SSO,0.0,2.0
2020-02-07,neutral,IEF,IEF,0.883983,UST,0.116017,2.0
2020-02-07,neutral,BIL,BIL,0.0,,0.0,2.0
2020-02-07,neutral,EEM,EEM,0.011864,,0.0,2.0
2020-02-07,neutral,GLD,GLD,0.0,UGL,0.0,2.0
2020-02-07,neutral,QQQ,QQQ,0.011864,QLD,0.0,2.0
2020-02-14,very_risk_on,SPY,SPY,0.85626,SSO,0.0,2.0
2020-02-14,very_risk_on,IEF,IEF,0.888851,UST,0.0,2.0
2020-02-14,very_risk_on,BIL,BIL,0.0,,0.0,2.0
2020-02-14,very_risk_on,EEM,EEM,0.004045,,0.0,2.0
2020-02-14,very_risk_on,GLD,GLD,0.21661,UGL,0.0,2.0
2020-02-14,very_risk_on,QQQ,QQQ,0.034234,QLD,0.0,2.0
2020-02-21,very_risk_on,SPY,SPY,0.85626,SSO,0.0,2.0
2020-02-21,very_risk_on,IEF,IEF,0.888851,UST,0.0,2.0
2020-02-21,very_risk_on,BIL,BIL,0.0,,0.0,2.0
2020-02-21,very_risk_on,EEM,EEM,0.004045,,0.0,2.0
2020-02-21,very_risk_on,GLD,GLD,0.21661,UGL,0.0,2.0
2020-02-21,very_risk_on,QQQ,QQQ,0.034234,QLD,0.0,2.0
2020-02-28,neutral,SPY,SPY,0.860255,SSO,0.0,2.0
2020-02-28,neutral,IEF,IEF,0.883983,UST,0.116017,2.0
2020-02-28,neutral,BIL,BIL,0.0,,0.0,2.0
2020-02-28,neutral,EEM,EEM,0.011864,,0.0,2.0
2020-02-28,neutral,GLD,GLD,0.0,UGL,0.0,2.0
2020-02-28,neutral,QQQ,QQQ,0.011864,QLD,0.0,2.0
2020-03-06,risk_on,SPY,SPY,0.708759,SSO,0.0,1.825239
2020-03-06,risk_on,IEF,IEF,0.0,UST,0.0,1.825239
2020-03-06,risk_on,BIL,BIL,0.0,,0.0,1.825239
2020-03-06,risk_on,EEM,EEM,0.0,,0.0,1.825239
2020-03-06,risk_on,GLD,GLD,0.549501,UGL,0.0,1.825239
2020-03-06,risk_on,QQQ,QQQ,0.566979,QLD,0.0,1.825239
2020-03-13,neutral,SPY,SPY,0.853503,SSO,0.0,2.0
2020-03-13,neutral,IEF,IEF,0.881262,UST,0.118738,2.0
2020-03-13,neutral,BIL,BIL,0.0,,0.0,2.0
2020-03-13,neutral,EEM,EEM,0.01388,,0.0,2.0
2020-03-13,neutral,GLD,GLD,0.0,UGL,0.0,2.0
2020-03-13,neutral,QQQ,QQQ,0.01388,QLD,0.0,2.0
2020-03-20,risk_off,SPY,SPY,0.438389,SSO,0.0,1.125632
2020-03-20,risk_off,IEF,IEF,0.383526,UST,0.0,1.125632
2020-03-20,risk_off,BIL,BIL,0.0,,0.0,1.125632
2020-03-20,risk_off,EEM,EEM,0.020342,,0.0,1.125632
2020-03-20,risk_off,GLD,GLD,0.263033,UGL,0.0,1.125632
2020-03-20,risk_off,QQQ,QQQ,0.020342,QLD,0.0,1.125632
2020-03-27,risk_off,SPY,SPY,0.376073,SSO,0.0,0.965627
2020-03-27,risk_off,IEF,IEF,0.329009,UST,0.0,0.965627
2020-03-27,risk_off,BIL,BIL,0.0,,0.0,0.965627
2020-03-27,risk_off,EEM,EEM,0.01745,,0.0,0.965627
2020-03-27,risk_off,GLD,GLD,0.225644,UGL,0.0,0.965627
2020-03-27,risk_off,QQQ,QQQ,0.01745,QLD,0.0,0.965627
2020-04-03,neutral,SPY,SPY,0.671519,SSO,0.0,1.606537
2020-04-03,neutral,IEF,IEF,0.904318,UST,0.0,1.606537
2020-04-03,neutral,BIL,BIL,0.0,,0.0,1.606537
2020-04-03,neutral,EEM,EEM,0.01535,,0.0,1.606537
2020-04-03,neutral,GLD,GLD,0.0,UGL,0.0,1.606537
2020-04-03,neutral,QQQ,QQQ,0.01535,QLD,0.0,1.606537
2020-04-10,very_risk_on,SPY,SPY,0.884794,SSO,0.0,2.0
2020-04-10,very_risk_on,IEF,IEF,0.889275,UST,0.0,2.0
2020-04-10,very_risk_on,BIL,BIL,0.0,,0.0,2.0
2020-04-10,very_risk_on,EEM,EEM,0.004116,,0.0,2.0
2020-04-10,very_risk_on,GLD,GLD,0.216281,UGL,0.0,2.0
2020-04-10,very_risk_on,QQQ,QQQ,0.005533,QLD,0.0,2.0
2020-04-17,risk_on,SPY,SPY,0.382662,SSO,0.0,1.046502
2020-04-17,risk_on,IEF,IEF,0.0,UST,0.0,1.046502
2020-04-17,risk_on,BIL,BIL,0.0,,0.0,1.046502
2020-04-17,risk_on,EEM,EEM,0.0,,0.0,1.046502
2020-04-17,risk_on,GLD,GLD,0.314848,UGL,0.0,1.046502
2020-04-17,risk_on,QQQ,QQQ,0.348991,QLD,0.0,1.046502
2020-04-24,very_risk_on,SPY,SPY,0.884794,SSO,0.0,2.0
2020-04-24,very_risk_on,IEF,IEF,0.889275,UST,0.0,2.0
2020-04-24,very_risk_on,BIL,BIL,0.0,,0.0,2.0
2020-04-24,very_risk_on,EEM,EEM,0.004116,,0.0,2.0
2020-04-24,very_risk_on,GLD,GLD,0.216281,UGL,0.0,2.0
2020-04-24,very_risk_on,QQQ,QQQ,0.005533,QLD,0.0,2.0
2020-05-01,risk_on,SPY,SPY,0.376762,SSO,0.0,1.036891
2020-05-01,risk_on,IEF,IEF,0.0,UST,0.0,1.036891
2020-05-01,risk_on,BIL,BIL,0.0,,0.0,1.036891
2020-05-01,risk_on,EEM,EEM,0.0,,0.0,1.036891
2020-05-01,risk_on,GLD,GLD,0.311782,UGL,0.0,1.036891
2020-05-01,risk_on,QQQ,QQQ,0.348347,QLD,0.0,1.036891
2020-05-08,risk_on,SPY,SPY,0.377171,SSO,0.0,1.038017
2020-05-08,risk_on,IEF,IEF,0.0,UST,0.0,1.038017
2020-05-08,risk_on,BIL,BIL,0.0,,0.0,1.038017
2020-05-08,risk_on,EEM,EEM,0.0,,0.0,1.038017
2020-05-08,risk_on,GLD,GLD,0.312121,UGL,0.0,1.038017
2020-05-08,risk_on,QQQ,QQQ,0.348725,QLD,0.0,1.038017
2020-05-15,neutral,SPY,SPY,0.168477,SSO,0.0,1.666802
2020-05-15,neutral,IEF,IEF,0.945804,UST,0.0,1.666802
2020-05-15,neutral,BIL,BIL,0.0,,0.0,1.666802
2020-05-15,neutral,EEM,EEM,0.530993,,0.0,1.666802
2020-05-15,neutral,GLD,GLD,0.0,UGL,0.0,1.666802
2020-05-15,neutral,QQQ,QQQ,0.021528,QLD,0.0,1.666802
2020-05-22,risk_on,SPY,SPY,0.375594,SSO,0.0,1.033678
2020-05-22,risk_on,IEF,IEF,0.0,UST,0.0,1.033678
2020-05-22,risk_on,BIL,BIL,0.0,,0.0,1.033678
2020-05-22,risk_on,EEM,EEM,0.0,,0.0,1.033678
2020-05-22,risk_on,GLD,GLD,0.310816,UGL,0.0,1.033678
2020-05-22,risk_on,QQQ,QQQ,0.347268,QLD,0.0,1.033678
2020-05-29,very_risk_on,SPY,SPY,0.856188,SSO,0.0,2.0
2020-05-29,very_risk_on,IEF,IEF,0.889222,UST,0.0,2.0
2020-05-29,very_risk_on,BIL,BIL,0.0,,0.0,2.0
2020-05-29,very_risk_on,EEM,EEM,0.00396,,0.0,2.0
2020-05-29,very_risk_on,GLD,GLD,0.216124,UGL,0.0,2.0
2020-05-29,very_risk_on,QQQ,QQQ,0.034506,QLD,0.0,2.0
2020-06-05,risk_on,SPY,SPY,0.465199,SSO,0.0,1.020734
2020-06-05,risk_on,IEF,IEF,0.0,UST,0.0,1.020734
2020-06-05,risk_on,BIL,BIL,0.0,,0.0,1.020734
2020-06-05,risk_on,EEM,EEM,0.0,,0.0,1.020734
2020-06-05,risk_on,GLD,GLD,0.308072,UGL,0.0,1.020734
2020-06-05,risk_on,QQQ,QQQ,0.247462,QLD,0.0,1.020734
2020-06-12,very_risk_on,SPY,SPY,0.832432,SSO,0.0,2.0
2020-06-12,very_risk_on,IEF,IEF,0.885391,UST,0.0,2.0
2020-06-12,very_risk_on,BIL,BIL,0.0,,0.0,2.0
2020-06-12,very_risk_on,EEM,EEM,0.004382,,0.0,2.0
2020-06-12,very_risk_on,GLD,GLD,0.220524,UGL,0.0,2.0
2020-06-12,very_risk_on,QQQ,QQQ,0.057272,QLD,0.0,2.0
2020-06-19,risk_on,SPY,SPY,0.46236,SSO,0.0,1.014504
2020-06-19,risk_on,IEF,IEF,0.0,UST,0.0,1.014504
2020-06-19,risk_on,BIL,BIL,0.0,,0.0,1.014504
2020-06-19,risk_on,EEM,EEM,0.0,,0.0,1.014504
2020-06-19,risk_on,GLD,GLD,0.306192,UGL,0.0,1.014504
2020-06-19,risk_on,QQQ,QQQ,0.245952,QLD,0.0,1.014504
2020-06-26,risk_off,SPY,SPY,0.290218,SSO,0.0,0.739562
2020-06-26,risk_off,IEF,IEF,0.211904,UST,0.0,0.739562
2020-06-26,risk_off,BIL,BIL,0.0,,0.0,0.739562
2020-06-26,risk_off,EEM,EEM,0.012712,,0.0,0.739562
2020-06-26,risk_off,GLD,GLD,0.212016,UGL,0.0,0.739562
2020-06-26,risk_off,QQQ,QQQ,0.012712,QLD,0.0,0.739562
2020-07-03,neutral,SPY,SPY,0.598648,SSO,0.0,1.454039
2020-07-03,neutral,IEF,IEF,0.822155,UST,0.0,1.454039
2020-07-03,neutral,BIL,BIL,0.0,,0.0,1.454039
2020-07-03,neutral,EEM,EEM,0.016618,,0.0,1.454039
2020-07-03,neutral,GLD,GLD,0.0,UGL,0.0,1.454039
2020-07-03,neutral,QQQ,QQQ,0.016618,QLD,0.0,1.454039
2020-07-10,neutral,SPY,SPY,0.59587,SSO,0.0,1.44729
2020-07-10,neutral,IEF,IEF,0.818339,UST,0.0,1.44729
2020-07-10,neutral,BIL,BIL,0.0,,0.0,1.44729
2020-07-10,neutral,EEM,EEM,0.016541,,0.0,1.44729
2020-07-10,neutral,GLD,GLD,0.0,UGL,0.0,1.44729
2020-07-10,neutral,QQQ,QQQ,0.016541,QLD,0.0,1.44729
2020-07-17,risk_on,SPY,SPY,0.435947,SSO,0.0,1.008076
2020-07-17,risk_on,IEF,IEF,0.0,UST,0.0,1.008076
2020-07-17,risk_on,BIL,BIL,0.0,,0.0,1.008076
2020-07-17,risk_on,EEM,EEM,0.0,,0.0,1.008076
2020-07-17,risk_on,GLD,GLD,0.303946,UGL,0.0,1.008076
2020-07-17,risk_on,QQQ,QQQ,0.268183,QLD,0.0,1.008076
2020-07-24,risk_on,SPY,SPY,0.43685,SSO,0.0,1.010164
2020-07-24,risk_on,IEF,IEF,0.0,UST,0.0,1.010164
2020-07-24,risk_on,BIL,BIL,0.0,,0.0,1.010164
2020-07-24,risk_on,EEM,EEM,0.0,,0.0,1.010164
2020-07-24,risk_on,GLD,GLD,0.304575,UGL,0.0,1.010164
2020-07-24,risk_on,QQQ,QQQ,0.268739,QLD,0.0,1.010164
2020-07-31,very_risk_on,SPY,SPY,0.820795,SSO,0.0,2.0
2020-07-31,very_risk_on,IEF,IEF,0.889183,UST,0.0,2.0
2020-07-31,very_risk_on,BIL,BIL,0.0,,0.0,2.0
2020-07-31,very_risk_on,EEM,EEM,0.003665,,0.0,2.0
2020-07-31,very_risk_on,GLD,GLD,0.215765,UGL,0.0,2.0
2020-07-31,very_risk_on,QQQ,QQQ,0.070591,QLD,0.0,2.0
2020-08-07,risk_on,SPY,SPY,0.414911,SSO,0.0,1.020717
2020-08-07,risk_on,IEF,IEF,0.0,UST,0.0,1.020717
2020-08-07,risk_on,BIL,BIL,0.0,,0.0,1.020717
2020-08-07,risk_on,EEM,EEM,0.0,,0.0,1.020717
2020-08-07,risk_on,GLD,GLD,0.307365,UGL,0.0,1.020717
2020-08-07,risk_on,QQQ,QQQ,0.298441,QLD,0.0,1.020717
2020-08-14,risk_on,SPY,SPY,0.413445,SSO,0.0,1.01711
2020-08-14,risk_on,IEF,IEF,0.0,UST,0.0,1.01711
2020-08-14,risk_on,BIL,BIL,0.0,,0.0,1.01711
2020-08-14,risk_on,EEM,EEM,0.0,,0.0,1.01711
2020-08-14,risk_on,GLD,GLD,0.306279,UGL,0.0,1.01711
2020-08-14,risk_on,QQQ,QQQ,0.297386,QLD,0.0,1.01711
2020-08-21,risk_on,SPY,SPY,0.415128,SSO,0.0,1.021251
2020-08-21,risk_on,IEF,IEF,0.0,UST,0.0,1.021251
2020-08-21,risk_on,BIL,BIL,0.0,,0.0,1.021251
2020-08-21,risk_on,EEM,EEM,0.0,,0.0,1.021251
2020-08-21,risk_on,GLD,GLD,0.307526,UGL,0.0,1.021251
2020-08-21,risk_on,QQQ,QQQ,0.298597,QLD,0.0,1.021251
2020-08-28,risk_on,SPY,SPY,0.415048,SSO,0.0,1.021053
2020-08-28,risk_on,IEF,IEF,0.0,UST,0.0,1.021053
2020-08-28,risk_on,BIL,BIL,0.0,,0.0,1.021053
2020-08-28,risk_on,EEM,EEM,0.0,,0.0,1.021053
2020-08-28,risk_on,GLD,GLD,0.307466,UGL,0.0,1.021053
2020-08-28,risk_on,QQQ,QQQ,0.298539,QLD,0.0,1.021053
2020-09-04,very_risk_on,SPY,SPY,0.820795,SSO,0.0,2.0
2020-09-04,very_risk_on,IEF,IEF,0.889183,UST,0.0,2.0
2020-09-04,very_risk_on,BIL,BIL,0.0,,0.0,2.0
2020-09-04,very_risk_on,EEM,EEM,0.003665,,0.0,2.0
2020-09-04,very_risk_on,GLD,GLD,0.215765,UGL,0.0,2.0
2020-09-04,very_risk_on,QQQ,QQQ,0.070591,QLD,0.0,2.0
2020-09-11,risk_off,SPY,SPY,0.020354,SSO,0.0,0.834114
2020-09-11,risk_off,IEF,IEF,0.293402,UST,0.0,0.834114
2020-09-11,risk_off,BIL,BIL,0.0,,0.0,0.834114
2020-09-11,risk_off,EEM,EEM,0.041713,,0.0,0.834114
2020-09-11,risk_off,GLD,GLD,0.192839,UGL,0.0,0.834114
2020-09-11,risk_off,QQQ,QQQ,0.285806,QLD,0.0,0.834114
2020-09-18,risk_off,SPY,SPY,0.02019,SSO,0.0,0.827381
2020-09-18,risk_off,IEF,IEF,0.291033,UST,0.0,0.827381
2020-09-18,risk_off,BIL,BIL,0.0,,0.0,0.827381
2020-09-18,risk_off,EEM,EEM,0.041377,,0.0,0.827381
2020-09-18,risk_off,GLD,GLD,0.191282,UGL,0.0,0.827381
2020-09-18,risk_off,QQQ,QQQ,0.283498,QLD,0.0,0.827381
2020-09-25,risk_off,SPY,SPY,0.020156,SSO,0.0,0.826012
2020-09-25,risk_off,IEF,IEF,0.290552,UST,0.0,0.826012
2020-09-25,risk_off,BIL,BIL,0.0,,0.0,0.826012
2020-09-25,risk_off,EEM,EEM,0.041308,,0.0,0.826012
2020-09-25,risk_off,GLD,GLD,0.190966,UGL,0.0,0.826012
2020-09-25,risk_off,QQQ,QQQ,0.283029,QLD,0.0,0.826012
2020-10-02,risk_off,SPY,SPY,0.075453,SSO,0.0,0.779665
2020-10-02,risk_off,IEF,IEF,0.247828,UST,0.0,0.779665
2020-10-02,risk_off,BIL,BIL,0.0,,0.0,0.779665
2020-10-02,risk_off,EEM,EEM,0.010963,,0.0,0.779665
2020-10-02,risk_off,GLD,GLD,0.195787,UGL,0.0,0.779665
2020-10-02,risk_off,QQQ,QQQ,0.249634,QLD,0.0,0.779665
2020-10-09,risk_on,SPY,SPY,0.514553,SSO,0.0,0.991195
2020-10-09,risk_on,IEF,IEF,0.0,UST,0.0,0.991195
2020-10-09,risk_on,BIL,BIL,0.0,,0.0,0.991195
2020-10-09,risk_on,EEM,EEM,0.0,,0.0,0.991195
2020-10-09,risk_on,GLD,GLD,0.297797,UGL,0.0,0.991195
2020-10-09,risk_on,QQQ,QQQ,0.178845,QLD,0.0,0.991195
2020-10-16,very_risk_on,SPY,SPY,0.812711,SSO,0.0,2.0
2020-10-16,very_risk_on,IEF,IEF,0.887806,UST,0.0,2.0
2020-10-16,very_risk_on,BIL,BIL,0.0,,0.0,2.0
2020-10-16,very_risk_on,EEM,EEM,0.002981,,0.0,2.0
2020-10-16,very_risk_on,GLD,GLD,0.216219,UGL,0.0,2.0
2020-10-16,very_risk_on,QQQ,QQQ,0.080284,QLD,0.0,2.0
2020-10-23,risk_on,SPY,SPY,0.511867,SSO,0.0,0.986022
2020-10-23,risk_on,IEF,IEF,0.0,UST,0.0,0.986022
2020-10-23,risk_on,BIL,BIL,0.0,,0.0,0.986022
2020-10-23,risk_on,EEM,EEM,0.0,,0.0,0.986022
2020-10-23,risk_on,GLD,GLD,0.296243,UGL,0.0,0.986022
2020-10-23,risk_on,QQQ,QQQ,0.177912,QLD,0.0,0.986022
2020-10-30,risk_off,SPY,SPY,0.075119,SSO,0.0,0.776212
2020-10-30,risk_off,IEF,IEF,0.246731,UST,0.0,0.776212
2020-10-30,risk_off,BIL,BIL,0.0,,0.0,0.776212
2020-10-30,risk_off,EEM,EEM,0.010914,,0.0,0.776212
2020-10-30,risk_off,GLD,GLD,0.19492,UGL,0.0,0.776212
2020-10-30,risk_off,QQQ,QQQ,0.248528,QLD,0.0,0.776212
2020-11-06,risk_on,SPY,SPY,0.380988,SSO,0.0,0.982777
2020-11-06,risk_on,IEF,IEF,0.0,UST,0.0,0.982777
2020-11-06,risk_on,BIL,BIL,0.0,,0.0,0.982777
2020-11-06,risk_on,EEM,EEM,0.0,,0.0,0.982777
2020-11-06,risk_on,GLD,GLD,0.294853,UGL,0.0,0.982777
2020-11-06,risk_on,QQQ,QQQ,0.306936,QLD,0.0,0.982777
2020-11-13,risk_on,SPY,SPY,0.367856,SSO,0.0,0.9489
2020-11-13,risk_on,IEF,IEF,0.0,UST,0.0,0.9489
2020-11-13,risk_on,BIL,BIL,0.0,,0.0,0.9489
2020-11-13,risk_on,EEM,EEM,0.0,,0.0,0.9489
2020-11-13,risk_on,GLD,GLD,0.284689,UGL,0.0,0.9489
2020-11-13,risk_on,QQQ,QQQ,0.296356,QLD,0.0,0.9489
2020-11-20,very_risk_on,SPY,SPY,0.812339,SSO,0.0,2.0
2020-11-20,very_risk_on,IEF,IEF,0.885074,UST,0.0,2.0
2020-11-20,very_risk_on,BIL,BIL,0.0,,0.0,2.0
2020-11-20,very_risk_on,EEM,EEM,0.002939,,0.0,2.0
2020-11-20,very_risk_on,GLD,GLD,0.218893,UGL,0.0,2.0
2020-11-20,very_risk_on,QQQ,QQQ,0.080754,QLD,0.0,2.0
2020-11-27,very_risk_on,SPY,SPY,0.812339,SSO,0.0,2.0
2020-11-27,very_risk_on,IEF,IEF,0.885074,UST,0.0,2.0
2020-11-27,very_risk_on,BIL,BIL,0.0,,0.0,2.0
2020-11-27,very_risk_on,EEM,EEM,0.002939,,0.0,2.0
2020-11-27,very_risk_on,GLD,GLD,0.218893,UGL,0.0,2.0
2020-11-27,very_risk_on,QQQ,QQQ,0.080754,QLD,0.0,2.0
2020-12-04,very_risk_on,SPY,SPY,0.7889,SSO,0.0,2.0
2020-12-04,very_risk_on,IEF,IEF,0.887373,UST,0.0,2.0
2020-12-04,very_risk_on,BIL,BIL,0.0,,0.0,2.0
2020-12-04,very_risk_on,EEM,EEM,0.002346,,0.0,2.0
2020-12-04,very_risk_on,GLD,GLD,0.215795,UGL,0.0,2.0
2020-12-04,very_risk_on,QQQ,QQQ,0.105586,QLD,0.0,2.0
2020-12-11,risk_on,SPY,SPY,0.389688,SSO,0.0,0.946327
2020-12-11,risk_on,IEF,IEF,0.0,UST,0.0,0.946327
2020-12-11,risk_on,BIL,BIL,0.0,,0.0,0.946327
2020-12-11,risk_on,EEM,EEM,0.0,,0.0,0.946327
2020-12-11,risk_on,GLD,GLD,0.283993,UGL,0.0,0.946327
2020-12-11,risk_on,QQQ,QQQ,0.272646,QLD,0.0,0.946327
2020-12-18,very_risk_on,SPY,SPY,0.7889,SSO,0.0,2.0
2020-12-18,very_risk_on,IEF,IEF,0.887373,UST,0.0,2.0
2020-12-18,very_risk_on,BIL,BIL,0.0,,0.0,2.0
2020-12-18,very_risk_on,EEM,EEM,0.002346,,0.0,2.0
2020-12-18,very_risk_on,GLD,GLD,0.215795,UGL,0.0,2.0
2020-12-18,very_risk_on,QQQ,QQQ,0.105586,QLD,0.0,2.0
2020-12-25,risk_on,SPY,SPY,0.388771,SSO,0.0,0.944102
2020-12-25,risk_on,IEF,IEF,0.0,UST,0.0,0.944102
2020-12-25,risk_on,BIL,BIL,0.0,,0.0,0.944102
2020-12-25,risk_on,EEM,EEM,0.0,,0.0,0.944102
2020-12-25,risk_on,GLD,GLD,0.283325,UGL,0.0,0.944102
2020-12-25,risk_on,QQQ,QQQ,0.272005,QLD,0.0,0.944102
2021-01-01,very_risk_on,SPY,SPY,0.7924,SSO,0.0,2.0
2021-01-01,very_risk_on,IEF,IEF,0.874551,UST,0.0,2.0
2021-01-01,very_risk_on,BIL,BIL,0.0,,0.0,2.0
2021-01-01,very_risk_on,EEM,EEM,0.002468,,0.0,2.0
2021-01-01,very_risk_on,GLD,GLD,0.228782,UGL,0.0,2.0
2021-01-01,very_risk_on,QQQ,QQQ,0.101799,QLD,0.0,2.0
2021-01-08,risk_off,SPY,SPY,0.0233,SSO,0.0,0.862218
2021-01-08,risk_off,IEF,IEF,0.400113,UST,0.0,0.862218
2021-01-08,risk_off,BIL,BIL,0.0,,0.0,0.862218
2021-01-08,risk_off,EEM,EEM,0.0233,,0.0,0.862218
2021-01-08,risk_off,GLD,GLD,0.105562,UGL,0.0,0.862218
2021-01-08,risk_off,QQQ,QQQ,0.309942,QLD,0.0,0.862218
2021-01-15,risk_off,SPY,SPY,0.023281,SSO,0.0,0.861495
2021-01-15,risk_off,IEF,IEF,0.399777,UST,0.0,0.861495
2021-01-15,risk_off,BIL,BIL,0.0,,0.0,0.861495
2021-01-15,risk_off,EEM,EEM,0.023281,,0.0,0.861495
2021-01-15,risk_off,GLD,GLD,0.105474,UGL,0.0,0.861495
2021-01-15,risk_off,QQQ,QQQ,0.309682,QLD,0.0,0.861495
2021-01-22,risk_on,SPY,SPY,0.332089,SSO,0.0,0.887836
2021-01-22,risk_on,IEF,IEF,0.0,UST,0.0,0.887836
2021-01-22,risk_on,BIL,BIL,0.0,,0.0,0.887836
2021-01-22,risk_on,EEM,EEM,0.0,,0.0,0.887836
2021-01-22,risk_on,GLD,GLD,0.178229,UGL,0.0,0.887836
2021-01-22,risk_on,QQQ,QQQ,0.377518,QLD,0.0,0.887836
2021-01-29,neutral,SPY,SPY,0.566772,SSO,0.0,1.383478
2021-01-29,neutral,IEF,IEF,0.783396,UST,0.0,1.383478
2021-01-29,neutral,BIL,BIL,0.0,,0.0,1.383478
2021-01-29,neutral,EEM,EEM,0.016655,,0.0,1.383478
2021-01-29,neutral,GLD,GLD,0.0,UGL,0.0,1.383478
2021-01-29,neutral,QQQ,QQQ,0.016655,QLD,0.0,1.383478
2021-02-05,risk_on,SPY,SPY,0.328274,SSO,0.0,0.877635
2021-02-05,risk_on,IEF,IEF,0.0,UST,0.0,0.877635
2021-02-05,risk_on,BIL,BIL,0.0,,0.0,0.877635
2021-02-05,risk_on,EEM,EEM,0.0,,0.0,0.877635
2021-02-05,risk_on,GLD,GLD,0.176181,UGL,0.0,0.877635
2021-02-05,risk_on,QQQ,QQQ,0.37318,QLD,0.0,0.877635
2021-02-12,very_risk_on,SPY,SPY,0.773377,SSO,0.0,2.0
2021-02-12,very_risk_on,IEF,IEF,0.875341,UST,0.0,2.0
2021-02-12,very_risk_on,BIL,BIL,0.0,,0.0,2.0
2021-02-12,very_risk_on,EEM,EEM,0.002326,,0.0,2.0
2021-02-12,very_risk_on,GLD,GLD,0.227799,UGL,0.0,2.0
2021-02-12,very_risk_on,QQQ,QQQ,0.121156,QLD,0.0,2.0
2021-02-19,risk_on,SPY,SPY,0.326194,SSO,0.0,0.872076
2021-02-19,risk_on,IEF,IEF,0.0,UST,0.0,0.872076
2021-02-19,risk_on,BIL,BIL,0.0,,0.0,0.872076
2021-02-19,risk_on,EEM,EEM,0.0,,0.0,0.872076
2021-02-19,risk_on,GLD,GLD,0.175065,UGL,0.0,0.872076
2021-02-19,risk_on,QQQ,QQQ,0.370816,QLD,0.0,0.872076
2021-02-26,risk_on,SPY,SPY,0.325392,SSO,0.0,0.86993
2021-02-26,risk_on,IEF,IEF,0.0,UST,0.0,0.86993
2021-02-26,risk_on,BIL,BIL,0.0,,0.0,0.86993
2021-02-26,risk_on,EEM,EEM,0.0,,0.0,0.86993
2021-02-26,risk_on,GLD,GLD,0.174634,UGL,0.0,0.86993
2021-02-26,risk_on,QQQ,QQQ,0.369904,QLD,0.0,0.86993
2021-03-05,risk_off,SPY,SPY,0.057222,SSO,0.0,0.733525
2021-03-05,risk_off,IEF,IEF,0.268902,UST,0.0,0.733525
2021-03-05,risk_off,BIL,BIL,0.0,,0.0,0.733525
2021-03-05,risk_off,EEM,EEM,0.012649,,0.0,0.733525
2021-03-05,risk_off,GLD,GLD,0.151614,UGL,0.0,0.733525
2021-03-05,risk_off,QQQ,QQQ,0.243139,QLD,0.0,0.733525
2021-03-12,risk_off,SPY,SPY,0.056969,SSO,0.0,0.73028
2021-03-12,risk_off,IEF,IEF,0.267712,UST,0.0,0.73028
2021-03-12,risk_off,BIL,BIL,0.0,,0.0,0.73028
2021-03-12,risk_off,EEM,EEM,0.012593,,0.0,0.73028
2021-03-12,risk_off,GLD,GLD,0.150943,UGL,0.0,0.73028
2021-03-12,risk_off,QQQ,QQQ,0.242063,QLD,0.0,0.73028
2021-03-19,risk_off,SPY,SPY,0.056942,SSO,0.0,0.729937
2021-03-19,risk_off,IEF,IEF,0.267586,UST,0.0,0.729937
2021-03-19,risk_off,BIL,BIL,0.0,,0.0,0.729937
2021-03-19,risk_off,EEM,EEM,0.012588,,0.0,0.729937
2021-03-19,risk_off,GLD,GLD,0.150872,UGL,0.0,0.729937
2021-03-19,risk_off,QQQ,QQQ,0.241949,QLD,0.0,0.729937
2021-03-26,very_risk_on,SPY,SPY,0.773377,SSO,0.0,2.0
2021-03-26,very_risk_on,IEF,IEF,0.875341,UST,0.0,2.0
2021-03-26,very_risk_on,BIL,BIL,0.0,,0.0,2.0
2021-03-26,very_risk_on,EEM,EEM,0.002326,,0.0,2.0
2021-03-26,very_risk_on,GLD,GLD,0.227799,UGL,0.0,2.0
2021-03-26,very_risk_on,QQQ,QQQ,0.121156,QLD,0.0,2.0
2021-04-02,very_risk_on,SPY,SPY,0.773465,SSO,0.0,2.0
2021-04-02,very_risk_on,IEF,IEF,0.858562,UST,0.0,2.0
2021-04-02,very_risk_on,BIL,BIL,0.0,,0.0,2.0
2021-04-02,very_risk_on,EEM,EEM,0.002254,,0.0,2.0
2021-04-02,very_risk_on,GLD,GLD,0.244481,UGL,0.0,2.0
2021-04-02,very_risk_on,QQQ,QQQ,0.121239,QLD,0.0,2.0
2021-04-09,very_risk_on,SPY,SPY,0.773465,SSO,0.0,2.0
2021-04-09,very_risk_on,IEF,IEF,0.858562,UST,0.0,2.0
2021-04-09,very_risk_on,BIL,BIL,0.0,,0.0,2.0
2021-04-09,very_risk_on,EEM,EEM,0.002254,,0.0,2.0
2021-04-09,very_risk_on,GLD,GLD,0.244481,UGL,0.0,2.0
2021-04-09,very_risk_on,QQQ,QQQ,0.121239,QLD,0.0,2.0
2021-04-16,very_risk_on,SPY,SPY,0.773465,SSO,0.0,2.0
2021-04-16,very_risk_on,IEF,IEF,0.858562,UST,0.0,2.0
2021-04-16,very_risk_on,BIL,BIL,0.0,,0.0,2.0
2021-04-16,very_risk_on,EEM,EEM,0.002254,,0.0,2.0
2021-04-16,very_risk_on,GLD,GLD,0.244481,UGL,0.0,2.0
2021-04-16,very_risk_on,QQQ,QQQ,0.121239,QLD,0.0,2.0
2021-04-23,very_risk_on,SPY,SPY,0.773465,SSO,0.0,2.0
2021-04-23,very_risk_on,IEF,IEF,0.858562,UST,0.0,2.0
2021-04-23,very_risk_on,BIL,BIL,0.0,,0.0,2.0
2021-04-23,very_risk_on,EEM,EEM,0.002254,,0.0,2.0
2021-04-23,very_risk_on,GLD,GLD,0.244481,UGL,0.0,2.0
2021-04-23,very_risk_on,QQQ,QQQ,0.121239,QLD,0.0,2.0
2021-04-30,very_risk_on,SPY,SPY,0.773465,SSO,0.0,2.0
2021-04-30,very_risk_on,IEF,IEF,0.858562,UST,0.0,2.0
2021-04-30,very_risk_on,BIL,BIL,0.0,,0.0,2.0
2021-04-30,very_risk_on,EEM,EEM,0.002254,,0.0,2.0
2021-04-30,very_risk_on,GLD,GLD,0.244481,UGL,0.0,2.0
2021-04-30,very_risk_on,QQQ,QQQ,0.121239,QLD,0.0,2.0
2021-05-07,very_risk_on,SPY,SPY,0.009109,SSO,0.0,1.952783
2021-05-07,very_risk_on,IEF,IEF,0.613025,UST,0.0,1.952783
2021-05-07,very_risk_on,BIL,BIL,0.0,,0.0,1.952783
2021-05-07,very_risk_on,EEM,EEM,0.009109,,0.0,1.952783
2021-05-07,very_risk_on,GLD,GLD,0.473302,UGL,0.0,1.952783
2021-05-07,very_risk_on,QQQ,QQQ,0.848237,QLD,0.0,1.952783
2021-05-14,very_risk_on,SPY,SPY,0.009329,SSO,0.0,2.0
2021-05-14,very_risk_on,IEF,IEF,0.627848,UST,0.0,2.0
2021-05-14,very_risk_on,BIL,BIL,0.0,,0.0,2.0
2021-05-14,very_risk_on,EEM,EEM,0.009329,,0.0,2.0
2021-05-14,very_risk_on,GLD,GLD,0.484747,UGL,0.0,2.0
2021-05-14,very_risk_on,QQQ,QQQ,0.868747,QLD,0.0,2.0
2021-05-21,risk_on,SPY,SPY,0.430138,SSO,0.0,1.168565
2021-05-21,risk_on,IEF,IEF,0.0,UST,0.0,1.168565
2021-05-21,risk_on,BIL,BIL,0.0,,0.0,1.168565
2021-05-21,risk_on,EEM,EEM,0.0,,0.0,1.168565
2021-05-21,risk_on,GLD,GLD,0.280435,UGL,0.0,1.168565
2021-05-21,risk_on,QQQ,QQQ,0.457992,QLD,0.0,1.168565
2021-05-28,risk_on,SPY,SPY,0.476256,SSO,0.0,1.293855
2021-05-28,risk_on,IEF,IEF,0.0,UST,0.0,1.293855
2021-05-28,risk_on,BIL,BIL,0.0,,0.0,1.293855
2021-05-28,risk_on,EEM,EEM,0.0,,0.0,1.293855
2021-05-28,risk_on,GLD,GLD,0.310502,UGL,0.0,1.293855
2021-05-28,risk_on,QQQ,QQQ,0.507097,QLD,0.0,1.293855
2021-06-04,very_risk_on,SPY,SPY,0.009127,SSO,0.0,2.0
2021-06-04,very_risk_on,IEF,IEF,0.627604,UST,0.0,2.0
2021-06-04,very_risk_on,BIL,BIL,0.0,,0.0,2.0
2021-06-04,very_risk_on,EEM,EEM,0.009127,,0.0,2.0
2021-06-04,very_risk_on,GLD,GLD,0.484717,UGL,0.0,2.0
2021-06-04,very_risk_on,QQQ,QQQ,0.869424,QLD,0.0,2.0
2021-06-11,very_risk_on,SPY,SPY,0.009127,SSO,0.0,2.0
2021-06-11,very_risk_on,IEF,IEF,0.627604,UST,0.0,2.0
2021-06-11,very_risk_on,BIL,BIL,0.0,,0.0,2.0
2021-06-11,very_risk_on,EEM,EEM,0.009127,,0.0,2.0
2021-06-11,very_risk_on,GLD,GLD,0.484717,UGL,0.0,2.0
2021-06-11,very_risk_on,QQQ,QQQ,0.869424,QLD,0.0,2.0
2021-06-18,risk_on,SPY,SPY,0.547844,SSO,0.0,1.496765
2021-06-18,risk_on,IEF,IEF,0.0,UST,0.0,1.496765
2021-06-18,risk_on,BIL,BIL,0.0,,0.0,1.496765
2021-06-18,risk_on,EEM,EEM,0.0,,0.0,1.496765
2021-06-18,risk_on,GLD,GLD,0.357746,UGL,0.0,1.496765
2021-06-18,risk_on,QQQ,QQQ,0.591174,QLD,0.0,1.496765
2021-06-25,risk_on,SPY,SPY,0.540937,SSO,0.0,1.477893
2021-06-25,risk_on,IEF,IEF,0.0,UST,0.0,1.477893
2021-06-25,risk_on,BIL,BIL,0.0,,0.0,1.477893
2021-06-25,risk_on,EEM,EEM,0.0,,0.0,1.477893
2021-06-25,risk_on,GLD,GLD,0.353236,UGL,0.0,1.477893
2021-06-25,risk_on,QQQ,QQQ,0.58372,QLD,0.0,1.477893
2021-07-02,very_risk_on,SPY,SPY,0.00947,SSO,0.0,2.0
2021-07-02,very_risk_on,IEF,IEF,0.62838,UST,0.0,2.0
2021-07-02,very_risk_on,BIL,BIL,0.0,,0.0,2.0
2021-07-02,very_risk_on,EEM,EEM,0.00947,,0.0,2.0
2021-07-02,very_risk_on,GLD,GLD,0.484404,UGL,0.0,2.0
2021-07-02,very_risk_on,QQQ,QQQ,0.868275,QLD,0.0,2.0
2021-07-09,very_risk_on,SPY,SPY,0.00947,SSO,0.0,2.0
2021-07-09,very_risk_on,IEF,IEF,0.62838,UST,0.0,2.0
2021-07-09,very_risk_on,BIL,BIL,0.0,,0.0,2.0
2021-07-09,very_risk_on,EEM,EEM,0.00947,,0.0,2.0
2021-07-09,very_risk_on,GLD,GLD,0.484404,UGL,0.0,2.0
2021-07-09,very_risk_on,QQQ,QQQ,0.868275,QLD,0.0,2.0
2021-07-16,risk_on,SPY,SPY,0.680065,SSO,0.0,1.486303
2021-07-16,risk_on,IEF,IEF,0.0,UST,0.0,1.486303
2021-07-16,risk_on,BIL,BIL,0.0,,0.0,1.486303
2021-07-16,risk_on,EEM,EEM,0.0,,0.0,1.486303
2021-07-16,risk_on,GLD,GLD,0.295297,UGL,0.0,1.486303
2021-07-16,risk_on,QQQ,QQQ,0.510941,QLD,0.0,1.486303
2021-07-23,risk_on,SPY,SPY,0.681601,SSO,0.0,1.489661
2021-07-23,risk_on,IEF,IEF,0.0,UST,0.0,1.489661
2021-07-23,risk_on,BIL,BIL,0.0,,0.0,1.489661
2021-07-23,risk_on,EEM,EEM,0.0,,0.0,1.489661
2021-07-23,risk_on,GLD,GLD,0.295964,UGL,0.0,1.489661
2021-07-23,risk_on,QQQ,QQQ,0.512095,QLD,0.0,1.489661
2021-07-30,risk_on,SPY,SPY,0.681813,SSO,0.0,1.490123
2021-07-30,risk_on,IEF,IEF,0.0,UST,0.0,1.490123
2021-07-30,risk_on,BIL,BIL,0.0,,0.0,1.490123
2021-07-30,risk_on,EEM,EEM,0.0,,0.0,1.490123
2021-07-30,risk_on,GLD,GLD,0.296056,UGL,0.0,1.490123
2021-07-30,risk_on,QQQ,QQQ,0.512254,QLD,0.0,1.490123
2021-08-06,risk_on,SPY,SPY,0.885162,SSO,0.0,1.568975
2021-08-06,risk_on,IEF,IEF,0.0,UST,0.0,1.568975
2021-08-06,risk_on,BIL,BIL,0.0,,0.0,1.568975
2021-08-06,risk_on,EEM,EEM,0.0,,0.0,1.568975
2021-08-06,risk_on,GLD,GLD,0.350333,UGL,0.0,1.568975
2021-08-06,risk_on,QQQ,QQQ,0.33348,QLD,0.0,1.568975
2021-08-13,very_risk_on,SPY,SPY,0.009874,SSO,0.0,2.0
2021-08-13,very_risk_on,IEF,IEF,0.629445,UST,0.0,2.0
2021-08-13,very_risk_on,BIL,BIL,0.0,,0.0,2.0
2021-08-13,very_risk_on,EEM,EEM,0.009874,,0.0,2.0
2021-08-13,very_risk_on,GLD,GLD,0.483886,UGL,0.0,2.0
2021-08-13,very_risk_on,QQQ,QQQ,0.866921,QLD,0.0,2.0
2021-08-20,neutral,SPY,SPY,0.81274,SSO,0.0,2.0
2021-08-20,neutral,IEF,IEF,0.864835,UST,0.135165,2.0
2021-08-20,neutral,BIL,BIL,0.0,,0.0,2.0
2021-08-20,neutral,EEM,EEM,0.026048,,0.0,2.0
2021-08-20,neutral,GLD,GLD,0.0,UGL,0.0,2.0
2021-08-20,neutral,QQQ,QQQ,0.026048,QLD,0.0,2.0
2021-08-27,very_risk_on,SPY,SPY,0.009874,SSO,0.0,2.0
2021-08-27,very_risk_on,IEF,IEF,0.629445,UST,0.0,2.0
2021-08-27,very_risk_on,BIL,BIL,0.0,,0.0,2.0
2021-08-27,very_risk_on,EEM,EEM,0.009874,,0.0,2.0
2021-08-27,very_risk_on,GLD,GLD,0.483886,UGL,0.0,2.0
2021-08-27,very_risk_on,QQQ,QQQ,0.866921,QLD,0.0,2.0
2021-09-03,very_risk_on,SPY,SPY,0.010005,SSO,0.0,2.0
2021-09-03,very_risk_on,IEF,IEF,0.663087,UST,0.0,2.0
2021-09-03,very_risk_on,BIL,BIL,0.0,,0.0,2.0
2021-09-03,very_risk_on,EEM,EEM,0.010005,,0.0,2.0
2021-09-03,very_risk_on,GLD,GLD,0.450419,UGL,0.0,2.0
2021-09-03,very_risk_on,QQQ,QQQ,0.866485,QLD,0.0,2.0
2021-09-10,very_risk_on,SPY,SPY,0.010005,SSO,0.0,2.0
2021-09-10,very_risk_on,IEF,IEF,0.663087,UST,0.0,2.0
2021-09-10,very_risk_on,BIL,BIL,0.0,,0.0,2.0
2021-09-10,very_risk_on,EEM,EEM,0.010005,,0.0,2.0
2021-09-10,very_risk_on,GLD,GLD,0.450419,UGL,0.0,2.0
2021-09-10,very_risk_on,QQQ,QQQ,0.866485,QLD,0.0,2.0
2021-09-17,risk_on,SPY,SPY,0.984372,SSO,0.0,1.705907
2021-09-17,risk_on,IEF,IEF,0.0,UST,0.0,1.705907
2021-09-17,risk_on,BIL,BIL,0.0,,0.0,1.705907
2021-09-17,risk_on,EEM,EEM,0.0,,0.0,1.705907
2021-09-17,risk_on,GLD,GLD,0.495247,UGL,0.0,1.705907
2021-09-17,risk_on,QQQ,QQQ,0.226289,QLD,0.0,1.705907
2021-09-24,risk_on,SPY,SPY,0.980314,SSO,0.0,1.698876
2021-09-24,risk_on,IEF,IEF,0.0,UST,0.0,1.698876
2021-09-24,risk_on,BIL,BIL,0.0,,0.0,1.698876
2021-09-24,risk_on,EEM,EEM,0.0,,0.0,1.698876
2021-09-24,risk_on,GLD,GLD,0.493206,UGL,0.0,1.698876
2021-09-24,risk_on,QQQ,QQQ,0.225356,QLD,0.0,1.698876
2021-10-01,risk_off,SPY,SPY,0.011318,SSO,0.0,1.295334
2021-10-01,risk_off,IEF,IEF,0.58144,UST,0.0,1.295334
2021-10-01,risk_off,BIL,BIL,0.0,,0.0,1.295334
2021-10-01,risk_off,EEM,EEM,0.155409,,0.0,1.295334
2021-10-01,risk_off,GLD,GLD,0.146273,UGL,0.0,1.295334
2021-10-01,risk_off,QQQ,QQQ,0.400894,QLD,0.0,1.295334
2021-10-08,neutral,SPY,SPY,0.816192,SSO,0.0,2.0
2021-10-08,neutral,IEF,IEF,0.866227,UST,0.133773,2.0
2021-10-08,neutral,BIL,BIL,0.0,,0.0,2.0
2021-10-08,neutral,EEM,EEM,0.025017,,0.0,2.0
2021-10-08,neutral,GLD,GLD,0.0,UGL,0.0,2.0
2021-10-08,neutral,QQQ,QQQ,0.025017,QLD,0.0,2.0
2021-10-15,neutral,SPY,SPY,0.816192,SSO,0.0,2.0
2021-10-15,neutral,IEF,IEF,0.866227,UST,0.133773,2.0
2021-10-15,neutral,BIL,BIL,0.0,,0.0,2.0
2021-10-15,neutral,EEM,EEM,0.025017,,0.0,2.0
2021-10-15,neutral,GLD,GLD,0.0,UGL,0.0,2.0
2021-10-15,neutral,QQQ,QQQ,0.025017,QLD,0.0,2.0
2021-10-22,very_risk_on,SPY,SPY,0.009747,SSO,0.0,2.0
2021-10-22,very_risk_on,IEF,IEF,0.76413,UST,0.0,2.0
2021-10-22,very_risk_on,BIL,BIL,0.0,,0.0,2.0
2021-10-22,very_risk_on,EEM,EEM,0.009747,,0.0,2.0
2021-10-22,very_risk_on,GLD,GLD,0.349029,UGL,0.0,2.0
2021-10-22,very_risk_on,QQQ,QQQ,0.867347,QLD,0.0,2.0
2021-10-29,very_risk_on,SPY,SPY,0.009747,SSO,0.0,2.0
2021-10-29,very_risk_on,IEF,IEF,0.76413,UST,0.0,2.0
2021-10-29,very_risk_on,BIL,BIL,0.0,,0.0,2.0
2021-10-29,very_risk_on,EEM,EEM,0.009747,,0.0,2.0
2021-10-29,very_risk_on,GLD,GLD,0.349029,UGL,0.0,2.0
2021-10-29,very_risk_on,QQQ,QQQ,0.867347,QLD,0.0,2.0
2021-11-05,risk_on,SPY,SPY,0.980759,SSO,0.0,1.724286
2021-11-05,risk_on,IEF,IEF,0.0,UST,0.0,1.724286
2021-11-05,risk_on,BIL,BIL,0.0,,0.0,1.724286
2021-11-05,risk_on,EEM,EEM,0.0,,0.0,1.724286
2021-11-05,risk_on,GLD,GLD,0.421014,UGL,0.0,1.724286
2021-11-05,risk_on,QQQ,QQQ,0.322513,QLD,0.0,1.724286
2021-11-12,risk_on,SPY,SPY,0.990001,SSO,0.0,1.740534
2021-11-12,risk_on,IEF,IEF,0.0,UST,0.0,1.740534
2021-11-12,risk_on,BIL,BIL,0.0,,0.0,1.740534
2021-11-12,risk_on,EEM,EEM,0.0,,0.0,1.740534
2021-11-12,risk_on,GLD,GLD,0.424981,UGL,0.0,1.740534
2021-11-12,risk_on,QQQ,QQQ,0.325552,QLD,0.0,1.740534
2021-11-19,risk_on,SPY,SPY,0.992492,SSO,0.0,1.744914
2021-11-19,risk_on,IEF,IEF,0.0,UST,0.0,1.744914
2021-11-19,risk_on,BIL,BIL,0.0,,0.0,1.744914
2021-11-19,risk_on,EEM,EEM,0.0,,0.0,1.744914
2021-11-19,risk_on,GLD,GLD,0.426051,UGL,0.0,1.744914
2021-11-19,risk_on,QQQ,QQQ,0.326371,QLD,0.0,1.744914
2021-11-26,risk_off,SPY,SPY,0.182419,SSO,0.0,1.324924
2021-11-26,risk_off,IEF,IEF,0.584631,UST,0.0,1.324924
2021-11-26,risk_off,BIL,BIL,0.0,,0.0,1.324924
2021-11-26,risk_off,EEM,EEM,0.006552,,0.0,1.324924
2021-11-26,risk_off,GLD,GLD,0.152923,UGL,0.0,1.324924
2021-11-26,risk_off,QQQ,QQQ,0.398399,QLD,0.0,1.324924
2021-12-03,very_risk_off,SPY,SPY,0.146394,SSO,0.0,1.434143
2021-12-03,very_risk_off,IEF,IEF,0.892135,UST,0.0,1.434143
2021-12-03,very_risk_off,BIL,BIL,0.120998,,0.0,1.434143
2021-12-03,very_risk_off,EEM,EEM,0.010259,,0.0,1.434143
2021-12-03,very_risk_off,GLD,GLD,0.0,UGL,0.0,1.434143
2021-12-03,very_risk_off,QQQ,QQQ,0.264356,QLD,0.0,1.434143
2021-12-10,neutral,SPY,SPY,0.811726,SSO,0.0,2.0
2021-12-10,neutral,IEF,IEF,0.864427,UST,0.135573,2.0
2021-12-10,neutral,BIL,BIL,0.0,,0.0,2.0
2021-12-10,neutral,EEM,EEM,0.02635,,0.0,2.0
2021-12-10,neutral,GLD,GLD,0.0,UGL,0.0,2.0
2021-12-10,neutral,QQQ,QQQ,0.02635,QLD,0.0,2.0
2021-12-17,risk_on,SPY,SPY,0.929027,SSO,0.0,1.688686
2021-12-17,risk_on,IEF,IEF,0.0,UST,0.0,1.688686
2021-12-17,risk_on,BIL,BIL,0.0,,0.0,1.688686
2021-12-17,risk_on,EEM,EEM,0.0,,0.0,1.688686
2021-12-17,risk_on,GLD,GLD,0.380195,UGL,0.0,1.688686
2021-12-17,risk_on,QQQ,QQQ,0.379464,QLD,0.0,1.688686
2021-12-24,very_risk_on,SPY,SPY,0.009188,SSO,0.0,2.0
2021-12-24,very_risk_on,IEF,IEF,0.75588,UST,0.0,2.0
2021-12-24,very_risk_on,BIL,BIL,0.0,,0.0,2.0
2021-12-24,very_risk_on,EEM,EEM,0.009188,,0.0,2.0
2021-12-24,very_risk_on,GLD,GLD,0.356524,UGL,0.0,2.0
2021-12-24,very_risk_on,QQQ,QQQ,0.869219,QLD,0.0,2.0
2021-12-31,very_risk_on,SPY,SPY,0.009188,SSO,0.0,2.0
2021-12-31,very_risk_on,IEF,IEF,0.75588,UST,0.0,2.0
2021-12-31,very_risk_on,BIL,BIL,0.0,,0.0,2.0
2021-12-31,very_risk_on,EEM,EEM,0.009188,,0.0,2.0
2021-12-31,very_risk_on,GLD,GLD,0.356524,UGL,0.0,2.0
2021-12-31,very_risk_on,QQQ,QQQ,0.869219,QLD,0.0,2.0
2022-01-07,very_risk_on,SPY,SPY,0.008141,SSO,0.0,2.0
2022-01-07,very_risk_on,IEF,IEF,0.786413,UST,0.0,2.0
2022-01-07,very_risk_on,BIL,BIL,0.0,,0.0,2.0
2022-01-07,very_risk_on,EEM,EEM,0.008141,,0.0,2.0
2022-01-07,very_risk_on,GLD,GLD,0.324578,UGL,0.0,2.0
2022-01-07,very_risk_on,QQQ,QQQ,0.872727,QLD,0.0,2.0
2022-01-14,risk_on,SPY,SPY,0.929456,SSO,0.070544,1.980298
2022-01-14,risk_on,IEF,IEF,0.0,UST,0.0,1.980298
2022-01-14,risk_on,BIL,BIL,0.0,,0.0,1.980298
2022-01-14,risk_on,EEM,EEM,0.0,,0.0,1.980298
2022-01-14,risk_on,GLD,GLD,0.447805,UGL,0.0,1.980298
2022-01-14,risk_on,QQQ,QQQ,0.461949,QLD,0.0,1.980298
2022-01-21,neutral,SPY,SPY,0.811726,SSO,0.0,2.0
2022-01-21,neutral,IEF,IEF,0.864427,UST,0.135573,2.0
2022-01-21,neutral,BIL,BIL,0.0,,0.0,2.0
2022-01-21,neutral,EEM,EEM,0.02635,,0.0,2.0
2022-01-21,neutral,GLD,GLD,0.0,UGL,0.0,2.0
2022-01-21,neutral,QQQ,QQQ,0.02635,QLD,0.0,2.0
2022-01-28,risk_off,SPY,SPY,0.19515,SSO,0.0,1.355342
2022-01-28,risk_off,IEF,IEF,0.533078,UST,0.0,1.355342
2022-01-28,risk_off,BIL,BIL,0.0,,0.0,1.355342
2022-01-28,risk_off,EEM,EEM,0.005028,,0.0,1.355342
2022-01-28,risk_off,GLD,GLD,0.219148,UGL,0.0,1.355342
2022-01-28,risk_off,QQQ,QQQ,0.402938,QLD,0.0,1.355342
2022-02-04,risk_off,SPY,SPY,0.203079,SSO,0.0,1.412537
2022-02-04,risk_off,IEF,IEF,0.653129,UST,0.0,1.412537
2022-02-04,risk_off,BIL,BIL,0.0,,0.0,1.412537
2022-02-04,risk_off,EEM,EEM,0.005146,,0.0,1.412537
2022-02-04,risk_off,GLD,GLD,0.130714,UGL,0.0,1.412537
2022-02-04,risk_off,QQQ,QQQ,0.42047,QLD,0.0,1.412537
2022-02-11,risk_off,SPY,SPY,0.203094,SSO,0.0,1.412647
2022-02-11,risk_off,IEF,IEF,0.65318,UST,0.0,1.412647
2022-02-11,risk_off,BIL,BIL,0.0,,0.0,1.412647
2022-02-11,risk_off,EEM,EEM,0.005146,,0.0,1.412647
2022-02-11,risk_off,GLD,GLD,0.130724,UGL,0.0,1.412647
2022-02-11,risk_off,QQQ,QQQ,0.420503,QLD,0.0,1.412647
2022-02-18,neutral,SPY,SPY,0.809841,SSO,0.0,2.0
2022-02-18,neutral,IEF,IEF,0.863667,UST,0.136333,2.0
2022-02-18,neutral,BIL,BIL,0.0,,0.0,2.0
2022-02-18,neutral,EEM,EEM,0.026913,,0.0,2.0
2022-02-18,neutral,GLD,GLD,0.0,UGL,0.0,2.0
2022-02-18,neutral,QQQ,QQQ,0.026913,QLD,0.0,2.0
2022-02-25,neutral,SPY,SPY,0.809841,SSO,0.0,2.0
2022-02-25,neutral,IEF,IEF,0.863667,UST,0.136333,2.0
2022-02-25,neutral,BIL,BIL,0.0,,0.0,2.0
2022-02-25,neutral,EEM,EEM,0.026913,,0.0,2.0
2022-02-25,neutral,GLD,GLD,0.0,UGL,0.0,2.0
2022-02-25,neutral,QQQ,QQQ,0.026913,QLD,0.0,2.0
2022-03-04,neutral,SPY,SPY,0.02251,SSO,0.0,2.0
2022-03-04,neutral,IEF,IEF,0.869611,UST,0.130389,2.0
2022-03-04,neutral,BIL,BIL,0.0,,0.0,2.0
2022-03-04,neutral,EEM,EEM,0.02251,,0.0,2.0
2022-03-04,neutral,GLD,GLD,0.0,UGL,0.0,2.0
2022-03-04,neutral,QQQ,QQQ,0.824591,QLD,0.0,2.0
2022-03-11,risk_off,SPY,SPY,0.204062,SSO,0.0,1.449729
2022-03-11,risk_off,IEF,IEF,0.805449,UST,0.0,1.449729
2022-03-11,risk_off,BIL,BIL,0.0,,0.0,1.449729
2022-03-11,risk_off,EEM,EEM,0.005998,,0.0,1.449729
2022-03-11,risk_off,GLD,GLD,0.0,UGL,0.0,1.449729
2022-03-11,risk_off,QQQ,QQQ,0.434221,QLD,0.0,1.449729
2022-03-18,risk_on,SPY,SPY,0.965346,SSO,0.034654,1.785188
2022-03-18,risk_on,IEF,IEF,0.0,UST,0.0,1.785188
2022-03-18,risk_on,BIL,BIL,0.0,,0.0,1.785188
2022-03-18,risk_on,EEM,EEM,0.0,,0.0,1.785188
2022-03-18,risk_on,GLD,GLD,0.331151,UGL,0.0,1.785188
2022-03-18,risk_on,QQQ,QQQ,0.419383,QLD,0.0,1.785188
2022-03-25,risk_on,SPY,SPY,0.985724,SSO,0.0,1.700764
2022-03-25,risk_on,IEF,IEF,0.0,UST,0.0,1.700764
2022-03-25,risk_on,BIL,BIL,0.0,,0.0,1.700764
2022-03-25,risk_on,EEM,EEM,0.0,,0.0,1.700764
2022-03-25,risk_on,GLD,GLD,0.31549,UGL,0.0,1.700764
2022-03-25,risk_on,QQQ,QQQ,0.39955,QLD,0.0,1.700764
2022-04-01,risk_on,SPY,SPY,0.732687,SSO,0.267313,1.706621
2022-04-01,risk_on,IEF,IEF,0.0,UST,0.0,1.706621
2022-04-01,risk_on,BIL,BIL,0.0,,0.0,1.706621
2022-04-01,risk_on,EEM,EEM,0.0,,0.0,1.706621
2022-04-01,risk_on,GLD,GLD,0.218341,UGL,0.0,1.706621
2022-04-01,risk_on,QQQ,QQQ,0.220967,QLD,0.0,1.706621
2022-04-08,risk_off,SPY,SPY,0.195791,SSO,0.0,1.386452
2022-04-08,risk_off,IEF,IEF,0.770105,UST,0.0,1.386452
2022-04-08,risk_off,BIL,BIL,0.0,,0.0,1.386452
2022-04-08,risk_off,EEM,EEM,0.005597,,0.0,1.386452
2022-04-08,risk_off,GLD,GLD,0.0,UGL,0.0,1.386452
2022-04-08,risk_off,QQQ,QQQ,0.41496,QLD,0.0,1.386452
2022-04-15,risk_off,SPY,SPY,0.188126,SSO,0.0,1.332176
2022-04-15,risk_off,IEF,IEF,0.739957,UST,0.0,1.332176
2022-04-15,risk_off,BIL,BIL,0.0,,0.0,1.332176
2022-04-15,risk_off,EEM,EEM,0.005378,,0.0,1.332176
2022-04-15,risk_off,GLD,GLD,0.0,UGL,0.0,1.332176
2022-04-15,risk_off,QQQ,QQQ,0.398715,QLD,0.0,1.332176
2022-04-22,risk_off,SPY,SPY,0.186683,SSO,0.0,1.321954
2022-04-22,risk_off,IEF,IEF,0.734279,UST,0.0,1.321954
2022-04-22,risk_off,BIL,BIL,0.0,,0.0,1.321954
2022-04-22,risk_off,EEM,EEM,0.005337,,0.0,1.321954
2022-04-22,risk_off,GLD,GLD,0.0,UGL,0.0,1.321954
2022-04-22,risk_off,QQQ,QQQ,0.395656,QLD,0.0,1.321954
2022-04-29,risk_off,SPY,SPY,0.188423,SSO,0.0,1.334281
2022-04-29,risk_off,IEF,IEF,0.741126,UST,0.0,1.334281
2022-04-29,risk_off,BIL,BIL,0.0,,0.0,1.334281
2022-04-29,risk_off,EEM,EEM,0.005386,,0.0,1.334281
2022-04-29,risk_off,GLD,GLD,0.0,UGL,0.0,1.334281
2022-04-29,risk_off,QQQ,QQQ,0.399345,QLD,0.0,1.334281
2022-05-06,very_risk_off,SPY,SPY,0.131706,SSO,0.0,1.268976
2022-05-06,very_risk_off,IEF,IEF,0.836206,UST,0.0,1.268976
2022-05-06,very_risk_off,BIL,BIL,0.059447,,0.0,1.268976
2022-05-06,very_risk_off,EEM,EEM,0.008188,,0.0,1.268976
2022-05-06,very_risk_off,GLD,GLD,0.0,UGL,0.0,1.268976
2022-05-06,very_risk_off,QQQ,QQQ,0.23343,QLD,0.0,1.268976
2022-05-13,very_risk_off,SPY,SPY,0.129938,SSO,0.0,1.251944
2022-05-13,very_risk_off,IEF,IEF,0.824982,UST,0.0,1.251944
2022-05-13,very_risk_off,BIL,BIL,0.058649,,0.0,1.251944
2022-05-13,very_risk_off,EEM,EEM,0.008078,,0.0,1.251944
2022-05-13,very_risk_off,GLD,GLD,0.0,UGL,0.0,1.251944
2022-05-13,very_risk_off,QQQ,QQQ,0.230297,QLD,0.0,1.251944
2022-05-20,risk_off,SPY,SPY,0.17919,SSO,0.0,1.320594
2022-05-20,risk_off,IEF,IEF,0.735602,UST,0.0,1.320594
2022-05-20,risk_off,BIL,BIL,0.0,,0.0,1.320594
2022-05-20,risk_off,EEM,EEM,0.006871,,0.0,1.320594
2022-05-20,risk_off,GLD,GLD,0.0,UGL,0.0,1.320594
2022-05-20,risk_off,QQQ,QQQ,0.398931,QLD,0.0,1.320594
2022-05-27,neutral,SPY,SPY,0.023643,SSO,0.0,1.915144
2022-05-27,neutral,IEF,IEF,0.914753,UST,0.085247,1.915144
2022-05-27,neutral,BIL,BIL,0.0,,0.0,1.915144
2022-05-27,neutral,EEM,EEM,0.023643,,0.0,1.915144
2022-05-27,neutral,GLD,GLD,0.0,UGL,0.0,1.915144
2022-05-27,neutral,QQQ,QQQ,0.782611,QLD,0.0,1.915144
2022-06-03,risk_on,SPY,SPY,0.654439,SSO,0.345561,1.779577
2022-06-03,risk_on,IEF,IEF,0.0,UST,0.0,1.779577
2022-06-03,risk_on,BIL,BIL,0.0,,0.0,1.779577
2022-06-03,risk_on,EEM,EEM,0.0,,0.0,1.779577
2022-06-03,risk_on,GLD,GLD,0.431444,UGL,0.0,1.779577
2022-06-03,risk_on,QQQ,QQQ,0.002572,QLD,0.0,1.779577
2022-06-10,risk_off,SPY,SPY,0.175448,SSO,0.0,1.24684
2022-06-10,risk_off,IEF,IEF,0.692819,UST,0.0,1.24684
2022-06-10,risk_off,BIL,BIL,0.0,,0.0,1.24684
2022-06-10,risk_off,EEM,EEM,0.005228,,0.0,1.24684
2022-06-10,risk_off,GLD,GLD,0.0,UGL,0.0,1.24684
2022-06-10,risk_off,QQQ,QQQ,0.373344,QLD,0.0,1.24684
2022-06-17,risk_off,SPY,SPY,0.166811,SSO,0.0,1.185459
2022-06-17,risk_off,IEF,IEF,0.658712,UST,0.0,1.185459
2022-06-17,risk_off,BIL,BIL,0.0,,0.0,1.185459
2022-06-17,risk_off,EEM,EEM,0.00497,,0.0,1.185459
2022-06-17,risk_off,GLD,GLD,0.0,UGL,0.0,1.185459
2022-06-17,risk_off,QQQ,QQQ,0.354965,QLD,0.0,1.185459
2022-06-24,risk_off,SPY,SPY,0.162192,SSO,0.0,1.152633
2022-06-24,risk_off,IEF,IEF,0.640472,UST,0.0,1.152633
2022-06-24,risk_off,BIL,BIL,0.0,,0.0,1.152633
2022-06-24,risk_off,EEM,EEM,0.004833,,0.0,1.152633
2022-06-24,risk_off,GLD,GLD,0.0,UGL,0.0,1.152633
2022-06-24,risk_off,QQQ,QQQ,0.345136,QLD,0.0,1.152633
2022-07-01,very_risk_off,SPY,SPY,0.116246,SSO,0.0,1.022609
2022-07-01,very_risk_off,IEF,IEF,0.681824,UST,0.0,1.022609
2022-07-01,very_risk_off,BIL,BIL,0.037298,,0.0,1.022609
2022-07-01,very_risk_off,EEM,EEM,0.003661,,0.0,1.022609
2022-07-01,very_risk_off,GLD,GLD,0.0,UGL,0.0,1.022609
2022-07-01,very_risk_off,QQQ,QQQ,0.183581,QLD,0.0,1.022609
2022-07-08,very_risk_off,SPY,SPY,0.116084,SSO,0.0,1.02119
2022-07-08,very_risk_off,IEF,IEF,0.680878,UST,0.0,1.02119
2022-07-08,very_risk_off,BIL,BIL,0.037246,,0.0,1.02119
2022-07-08,very_risk_off,EEM,EEM,0.003656,,0.0,1.02119
2022-07-08,very_risk_off,GLD,GLD,0.0,UGL,0.0,1.02119
2022-07-08,very_risk_off,QQQ,QQQ,0.183326,QLD,0.0,1.02119
2022-07-15,very_risk_off,SPY,SPY,0.116414,SSO,0.0,1.024094
2022-07-15,very_risk_off,IEF,IEF,0.682814,UST,0.0,1.024094
2022-07-15,very_risk_off,BIL,BIL,0.037352,,0.0,1.024094
2022-07-15,very_risk_off,EEM,EEM,0.003667,,0.0,1.024094
2022-07-15,very_risk_off,GLD,GLD,0.0,UGL,0.0,1.024094
2022-07-15,very_risk_off,QQQ,QQQ,0.183847,QLD,0.0,1.024094
2022-07-22,risk_off,SPY,SPY,0.155477,SSO,0.0,1.075647
2022-07-22,risk_off,IEF,IEF,0.596606,UST,0.0,1.075647
2022-07-22,risk_off,BIL,BIL,0.0,,0.0,1.075647
2022-07-22,risk_off,EEM,EEM,0.003704,,0.0,1.075647
2022-07-22,risk_off,GLD,GLD,0.0,UGL,0.0,1.075647
2022-07-22,risk_off,QQQ,QQQ,0.319861,QLD,0.0,1.075647
2022-07-29,risk_on,SPY,SPY,0.996414,SSO,0.0,1.489853
2022-07-29,risk_on,IEF,IEF,0.0,UST,0.0,1.489853
2022-07-29,risk_on,BIL,BIL,0.0,,0.0,1.489853
2022-07-29,risk_on,EEM,EEM,0.0,,0.0,1.489853
2022-07-29,risk_on,GLD,GLD,0.346777,UGL,0.0,1.489853
2022-07-29,risk_on,QQQ,QQQ,0.146662,QLD,0.0,1.489853
2022-08-05,risk_on,SPY,SPY,0.953539,SSO,0.0,1.454031
2022-08-05,risk_on,IEF,IEF,0.0,UST,0.0,1.454031
2022-08-05,risk_on,BIL,BIL,0.0,,0.0,1.454031
2022-08-05,risk_on,EEM,EEM,0.0,,0.0,1.454031
2022-08-05,risk_on,GLD,GLD,0.347552,UGL,0.0,1.454031
2022-08-05,risk_on,QQQ,QQQ,0.15294,QLD,0.0,1.454031
2022-08-12,risk_on,SPY,SPY,0.952933,SSO,0.0,1.453106
2022-08-12,risk_on,IEF,IEF,0.0,UST,0.0,1.453106
2022-08-12,risk_on,BIL,BIL,0.0,,0.0,1.453106
2022-08-12,risk_on,EEM,EEM,0.0,,0.0,1.453106
2022-08-12,risk_on,GLD,GLD,0.347331,UGL,0.0,1.453106
2022-08-12,risk_on,QQQ,QQQ,0.152842,QLD,0.0,1.453106
2022-08-19,risk_off,SPY,SPY,0.154941,SSO,0.0,1.025951
2022-08-19,risk_off,IEF,IEF,0.567351,UST,0.0,1.025951
2022-08-19,risk_off,BIL,BIL,0.0,,0.0,1.025951
2022-08-19,risk_off,EEM,EEM,0.00228,,0.0,1.025951
2022-08-19,risk_off,GLD,GLD,0.0,UGL,0.0,1.025951
2022-08-19,risk_off,QQQ,QQQ,0.301379,QLD,0.0,1.025951
2022-08-26,very_risk_off,SPY,SPY,0.133798,SSO,0.0,0.951299
2022-08-26,very_risk_off,IEF,IEF,0.600669,UST,0.0,0.951299
2022-08-26,very_risk_off,BIL,BIL,0.051189,,0.0,0.951299
2022-08-26,very_risk_off,EEM,EEM,0.0,,0.0,0.951299
2022-08-26,very_risk_off,GLD,GLD,0.0,UGL,0.0,0.951299
2022-08-26,very_risk_off,QQQ,QQQ,0.165642,QLD,0.0,0.951299
2022-09-02,very_risk_off,SPY,SPY,0.207325,SSO,0.0,0.887202
2022-09-02,very_risk_off,IEF,IEF,0.299029,UST,0.0,0.887202
2022-09-02,very_risk_off,BIL,BIL,0.225354,,0.0,0.887202
2022-09-02,very_risk_off,EEM,EEM,0.0,,0.0,0.887202
2022-09-02,very_risk_off,GLD,GLD,0.0,UGL,0.0,0.887202
2022-09-02,very_risk_off,QQQ,QQQ,0.155494,QLD,0.0,0.887202
2022-09-09,very_risk_off,SPY,SPY,0.204343,SSO,0.0,0.87444
2022-09-09,very_risk_off,IEF,IEF,0.294728,UST,0.0,0.87444
2022-09-09,very_risk_off,BIL,BIL,0.222112,,0.0,0.87444
2022-09-09,very_risk_off,EEM,EEM,0.0,,0.0,0.87444
2022-09-09,very_risk_off,GLD,GLD,0.0,UGL,0.0,0.87444
2022-09-09,very_risk_off,QQQ,QQQ,0.153257,QLD,0.0,0.87444
2022-09-16,very_risk_off,SPY,SPY,0.2022,SSO,0.0,0.86527
2022-09-16,very_risk_off,IEF,IEF,0.291637,UST,0.0,0.86527
2022-09-16,very_risk_off,BIL,BIL,0.219783,,0.0,0.86527
2022-09-16,very_risk_off,EEM,EEM,0.0,,0.0,0.86527
2022-09-16,very_risk_off,GLD,GLD,0.0,UGL,0.0,0.86527
2022-09-16,very_risk_off,QQQ,QQQ,0.15165,QLD,0.0,0.86527
2022-09-23,very_risk_off,SPY,SPY,0.198257,SSO,0.0,0.848396
2022-09-23,very_risk_off,IEF,IEF,0.28595,UST,0.0,0.848396
2022-09-23,very_risk_off,BIL,BIL,0.215497,,0.0,0.848396
2022-09-23,very_risk_off,EEM,EEM,0.0,,0.0,0.848396
2022-09-23,very_risk_off,GLD,GLD,0.0,UGL,0.0,0.848396
2022-09-23,very_risk_off,QQQ,QQQ,0.148693,QLD,0.0,0.848396
2022-09-30,very_risk_off,SPY,SPY,0.193275,SSO,0.0,0.827077
2022-09-30,very_risk_off,IEF,IEF,0.278764,UST,0.0,0.827077
2022-09-30,very_risk_off,BIL,BIL,0.210082,,0.0,0.827077
2022-09-30,very_risk_off,EEM,EEM,0.0,,0.0,0.827077
2022-09-30,very_risk_off,GLD,GLD,0.0,UGL,0.0,0.827077
2022-09-30,very_risk_off,QQQ,QQQ,0.144956,QLD,0.0,0.827077
2022-10-07,very_risk_off,SPY,SPY,0.165747,SSO,0.0,0.696863
2022-10-07,very_risk_off,IEF,IEF,0.0,UST,0.0,0.696863
2022-10-07,very_risk_off,BIL,BIL,0.180159,,0.0,0.696863
2022-10-07,very_risk_off,EEM,EEM,0.082873,,0.0,0.696863
2022-10-07,very_risk_off,GLD,GLD,0.143774,UGL,0.0,0.696863
2022-10-07,very_risk_off,QQQ,QQQ,0.12431,QLD,0.0,0.696863
2022-10-14,very_risk_off,SPY,SPY,0.164845,SSO,0.0,0.693073
2022-10-14,very_risk_off,IEF,IEF,0.0,UST,0.0,0.693073
2022-10-14,very_risk_off,BIL,BIL,0.17918,,0.0,0.693073
2022-10-14,very_risk_off,EEM,EEM,0.082423,,0.0,0.693073
2022-10-14,very_risk_off,GLD,GLD,0.142992,UGL,0.0,0.693073
2022-10-14,very_risk_off,QQQ,QQQ,0.123634,QLD,0.0,0.693073
2022-10-21,risk_off,SPY,SPY,0.231673,SSO,0.0,0.664121
2022-10-21,risk_off,IEF,IEF,0.0,UST,0.0,0.664121
2022-10-21,risk_off,BIL,BIL,0.0,,0.0,0.664121
2022-10-21,risk_off,EEM,EEM,0.066195,,0.0,0.664121
2022-10-21,risk_off,GLD,GLD,0.173192,UGL,0.0,0.664121
2022-10-21,risk_off,QQQ,QQQ,0.193061,QLD,0.0,0.664121
2022-10-28,neutral,SPY,SPY,0.616837,SSO,0.0,1.06115
2022-10-28,neutral,IEF,IEF,0.0,UST,0.0,1.06115
2022-10-28,neutral,BIL,BIL,0.0,,0.0,1.06115
2022-10-28,neutral,EEM,EEM,0.0,,0.0,1.06115
2022-10-28,neutral,GLD,GLD,0.329215,UGL,0.0,1.06115
2022-10-28,neutral,QQQ,QQQ,0.115098,QLD,0.0,1.06115
2022-11-04,risk_off,SPY,SPY,0.268115,SSO,0.0,1.033205
2022-11-04,risk_off,IEF,IEF,0.168591,UST,0.0,1.033205
2022-11-04,risk_off,BIL,BIL,0.0,,0.0,1.033205
2022-11-04,risk_off,EEM,EEM,0.186548,,0.0,1.033205
2022-11-04,risk_off,GLD,GLD,0.405578,UGL,0.0,1.033205
2022-11-04,risk_off,QQQ,QQQ,0.004374,QLD,0.0,1.033205
2022-11-11,risk_on,SPY,SPY,0.983846,SSO,0.0,1.283876
2022-11-11,risk_on,IEF,IEF,0.0,UST,0.0,1.283876
2022-11-11,risk_on,BIL,BIL,0.0,,0.0,1.283876
2022-11-11,risk_on,EEM,EEM,0.0,,0.0,1.283876
2022-11-11,risk_on,GLD,GLD,0.293956,UGL,0.0,1.283876
2022-11-11,risk_on,QQQ,QQQ,0.006075,QLD,0.0,1.283876
2022-11-18,risk_off,SPY,SPY,0.245298,SSO,0.0,0.945278
2022-11-18,risk_off,IEF,IEF,0.154243,UST,0.0,0.945278
2022-11-18,risk_off,BIL,BIL,0.0,,0.0,0.945278
2022-11-18,risk_off,EEM,EEM,0.170672,,0.0,0.945278
2022-11-18,risk_off,GLD,GLD,0.371062,UGL,0.0,0.945278
2022-11-18,risk_off,QQQ,QQQ,0.004002,QLD,0.0,0.945278
2022-11-25,risk_on,SPY,SPY,0.937213,SSO,0.0,1.223023
2022-11-25,risk_on,IEF,IEF,0.0,UST,0.0,1.223023
2022-11-25,risk_on,BIL,BIL,0.0,,0.0,1.223023
2022-11-25,risk_on,EEM,EEM,0.0,,0.0,1.223023
2022-11-25,risk_on,GLD,GLD,0.280023,UGL,0.0,1.223023
2022-11-25,risk_on,QQQ,QQQ,0.005787,QLD,0.0,1.223023
2022-12-02,risk_on,SPY,SPY,0.706777,SSO,0.0,0.942348
2022-12-02,risk_on,IEF,IEF,0.0,UST,0.0,0.942348
2022-12-02,risk_on,BIL,BIL,0.0,,0.0,0.942348
2022-12-02,risk_on,EEM,EEM,0.0,,0.0,0.942348
2022-12-02,risk_on,GLD,GLD,0.0,UGL,0.0,0.942348
2022-12-02,risk_on,QQQ,QQQ,0.235571,QLD,0.0,0.942348
2022-12-09,risk_on,SPY,SPY,0.705938,SSO,0.0,0.941229
2022-12-09,risk_on,IEF,IEF,0.0,UST,0.0,0.941229
2022-12-09,risk_on,BIL,BIL,0.0,,0.0,0.941229
2022-12-09,risk_on,EEM,EEM,0.0,,0.0,0.941229
2022-12-09,risk_on,GLD,GLD,0.0,UGL,0.0,0.941229
2022-12-09,risk_on,QQQ,QQQ,0.235291,QLD,0.0,0.941229
2022-12-16,risk_off,SPY,SPY,0.235214,SSO,0.0,0.92878
2022-12-16,risk_off,IEF,IEF,0.155693,UST,0.0,0.92878
2022-12-16,risk_off,BIL,BIL,0.0,,0.0,0.92878
2022-12-16,risk_off,EEM,EEM,0.170272,,0.0,0.92878
2022-12-16,risk_off,GLD,GLD,0.362297,UGL,0.0,0.92878
2022-12-16,risk_off,QQQ,QQQ,0.005304,QLD,0.0,0.92878
2022-12-23,risk_off,SPY,SPY,0.235833,SSO,0.0,0.931223
2022-12-23,risk_off,IEF,IEF,0.156102,UST,0.0,0.931223
2022-12-23,risk_off,BIL,BIL,0.0,,0.0,0.931223
2022-12-23,risk_off,EEM,EEM,0.17072,,0.0,0.931223
2022-12-23,risk_off,GLD,GLD,0.36325,UGL,0.0,0.931223
2022-12-23,risk_off,QQQ,QQQ,0.005318,QLD,0.0,0.931223
2022-12-30,risk_off,SPY,SPY,0.235827,SSO,0.0,0.931199
2022-12-30,risk_off,IEF,IEF,0.156098,UST,0.0,0.931199
2022-12-30,risk_off,BIL,BIL,0.0,,0.0,0.931199
2022-12-30,risk_off,EEM,EEM,0.170715,,0.0,0.931199
2022-12-30,risk_off,GLD,GLD,0.363241,UGL,0.0,0.931199
2022-12-30,risk_off,QQQ,QQQ,0.005318,QLD,0.0,0.931199
2023-01-06,risk_on,SPY,SPY,0.709653,SSO,0.0,0.944487
2023-01-06,risk_on,IEF,IEF,0.0,UST,0.0,0.944487
2023-01-06,risk_on,BIL,BIL,0.0,,0.0,0.944487
2023-01-06,risk_on,EEM,EEM,0.0,,0.0,0.944487
2023-01-06,risk_on,GLD,GLD,0.0,UGL,0.0,0.944487
2023-01-06,risk_on,QQQ,QQQ,0.234834,QLD,0.0,0.944487
2023-01-13,risk_on,SPY,SPY,0.708058,SSO,0.0,0.942364
2023-01-13,risk_on,IEF,IEF,0.0,UST,0.0,0.942364
2023-01-13,risk_on,BIL,BIL,0.0,,0.0,0.942364
2023-01-13,risk_on,EEM,EEM,0.0,,0.0,0.942364
2023-01-13,risk_on,GLD,GLD,0.0,UGL,0.0,0.942364
2023-01-13,risk_on,QQQ,QQQ,0.234306,QLD,0.0,0.942364
2023-01-20,risk_on,SPY,SPY,0.702121,SSO,0.0,0.934463
2023-01-20,risk_on,IEF,IEF,0.0,UST,0.0,0.934463
2023-01-20,risk_on,BIL,BIL,0.0,,0.0,0.934463
2023-01-20,risk_on,EEM,EEM,0.0,,0.0,0.934463
2023-01-20,risk_on,GLD,GLD,0.0,UGL,0.0,0.934463
2023-01-20,risk_on,QQQ,QQQ,0.232342,QLD,0.0,0.934463
2023-01-27,risk_on,SPY,SPY,0.704643,SSO,0.0,0.93782
2023-01-27,risk_on,IEF,IEF,0.0,UST,0.0,0.93782
2023-01-27,risk_on,BIL,BIL,0.0,,0.0,0.93782
2023-01-27,risk_on,EEM,EEM,0.0,,0.0,0.93782
2023-01-27,risk_on,GLD,GLD,0.0,UGL,0.0,0.93782
2023-01-27,risk_on,QQQ,QQQ,0.233176,QLD,0.0,0.93782
2023-02-03,risk_off,SPY,SPY,0.344944,SSO,0.0,0.880388
2023-02-03,risk_off,IEF,IEF,0.096242,UST,0.0,0.880388
2023-02-03,risk_off,BIL,BIL,0.032427,,0.0,0.880388
2023-02-03,risk_off,EEM,EEM,0.035283,,0.0,0.880388
2023-02-03,risk_off,GLD,GLD,0.364706,UGL,0.0,0.880388
2023-02-03,risk_off,QQQ,QQQ,0.006786,QLD,0.0,0.880388
2023-02-10,risk_off,SPY,SPY,0.3467,SSO,0.0,0.884869
2023-02-10,risk_off,IEF,IEF,0.096732,UST,0.0,0.884869
2023-02-10,risk_off,BIL,BIL,0.032592,,0.0,0.884869
2023-02-10,risk_off,EEM,EEM,0.035463,,0.0,0.884869
2023-02-10,risk_off,GLD,GLD,0.366562,UGL,0.0,0.884869
2023-02-10,risk_off,QQQ,QQQ,0.006821,QLD,0.0,0.884869
2023-02-17,very_risk_off,SPY,SPY,0.158973,SSO,0.0,0.677563
2023-02-17,very_risk_off,IEF,IEF,0.0,UST,0.0,0.677563
2023-02-17,very_risk_off,BIL,BIL,0.172796,,0.0,0.677563
2023-02-17,very_risk_off,EEM,EEM,0.0,,0.0,0.677563
2023-02-17,very_risk_off,GLD,GLD,0.226564,UGL,0.0,0.677563
2023-02-17,very_risk_off,QQQ,QQQ,0.119229,QLD,0.0,0.677563
2023-02-24,very_risk_off,SPY,SPY,0.159954,SSO,0.0,0.681747
2023-02-24,very_risk_off,IEF,IEF,0.0,UST,0.0,0.681747
2023-02-24,very_risk_off,BIL,BIL,0.173863,,0.0,0.681747
2023-02-24,very_risk_off,EEM,EEM,0.0,,0.0,0.681747
2023-02-24,very_risk_off,GLD,GLD,0.227963,UGL,0.0,0.681747
2023-02-24,very_risk_off,QQQ,QQQ,0.119966,QLD,0.0,0.681747
2023-03-03,risk_off,SPY,SPY,0.371207,SSO,0.0,0.920935
2023-03-03,risk_off,IEF,IEF,0.0,UST,0.0,0.920935
2023-03-03,risk_off,BIL,BIL,0.157684,,0.0,0.920935
2023-03-03,risk_off,EEM,EEM,0.0129,,0.0,0.920935
2023-03-03,risk_off,GLD,GLD,0.366245,UGL,0.0,0.920935
2023-03-03,risk_off,QQQ,QQQ,0.0129,QLD,0.0,0.920935
2023-03-10,risk_off,SPY,SPY,0.369451,SSO,0.0,0.916578
2023-03-10,risk_off,IEF,IEF,0.0,UST,0.0,0.916578
2023-03-10,risk_off,BIL,BIL,0.156938,,0.0,0.916578
2023-03-10,risk_off,EEM,EEM,0.012839,,0.0,0.916578
2023-03-10,risk_off,GLD,GLD,0.364512,UGL,0.0,0.916578
2023-03-10,risk_off,QQQ,QQQ,0.012839,QLD,0.0,0.916578
2023-03-17,neutral,SPY,SPY,0.399921,SSO,0.0,0.69236
2023-03-17,neutral,IEF,IEF,0.0,UST,0.0,0.69236
2023-03-17,neutral,BIL,BIL,0.0,,0.0,0.69236
2023-03-17,neutral,EEM,EEM,0.0,,0.0,0.69236
2023-03-17,neutral,GLD,GLD,0.0,UGL,0.0,0.69236
2023-03-17,neutral,QQQ,QQQ,0.292439,QLD,0.0,0.69236
2023-03-24,risk_on,SPY,SPY,0.783031,SSO,0.0,1.034673
2023-03-24,risk_on,IEF,IEF,0.076831,UST,0.0,1.034673
2023-03-24,risk_on,BIL,BIL,0.0,,0.0,1.034673
2023-03-24,risk_on,EEM,EEM,0.0,,0.0,1.034673
2023-03-24,risk_on,GLD,GLD,0.0,UGL,0.0,1.034673
2023-03-24,risk_on,QQQ,QQQ,0.174812,QLD,0.0,1.034673
2023-03-31,very_risk_on,SPY,SPY,0.007952,SSO,0.0,2.0
2023-03-31,very_risk_on,IEF,IEF,0.850202,UST,0.0,2.0
2023-03-31,very_risk_on,BIL,BIL,0.0,,0.0,2.0
2023-03-31,very_risk_on,EEM,EEM,0.100374,,0.0,2.0
2023-03-31,very_risk_on,GLD,GLD,0.260533,UGL,0.0,2.0
2023-03-31,very_risk_on,QQQ,QQQ,0.780938,QLD,0.0,2.0
2023-04-07,risk_on,SPY,SPY,0.740047,SSO,0.0,0.977247
2023-04-07,risk_on,IEF,IEF,0.031001,UST,0.0,0.977247
2023-04-07,risk_on,BIL,BIL,0.0,,0.0,0.977247
2023-04-07,risk_on,EEM,EEM,0.0,,0.0,0.977247
2023-04-07,risk_on,GLD,GLD,0.0,UGL,0.0,0.977247
2023-04-07,risk_on,QQQ,QQQ,0.206198,QLD,0.0,0.977247
2023-04-14,neutral,SPY,SPY,0.406271,SSO,0.0,0.702899
2023-04-14,neutral,IEF,IEF,0.0,UST,0.0,0.702899
2023-04-14,neutral,BIL,BIL,0.0,,0.0,0.702899
2023-04-14,neutral,EEM,EEM,0.0,,0.0,0.702899
2023-04-14,neutral,GLD,GLD,0.0,UGL,0.0,0.702899
2023-04-14,neutral,QQQ,QQQ,0.296628,QLD,0.0,0.702899
2023-04-21,neutral,SPY,SPY,0.406827,SSO,0.0,0.70386
2023-04-21,neutral,IEF,IEF,0.0,UST,0.0,0.70386
2023-04-21,neutral,BIL,BIL,0.0,,0.0,0.70386
2023-04-21,neutral,EEM,EEM,0.0,,0.0,0.70386
2023-04-21,neutral,GLD,GLD,0.0,UGL,0.0,0.70386
2023-04-21,neutral,QQQ,QQQ,0.297034,QLD,0.0,0.70386
2023-04-28,neutral,SPY,SPY,0.407125,SSO,0.0,0.704377
2023-04-28,neutral,IEF,IEF,0.0,UST,0.0,0.704377
2023-04-28,neutral,BIL,BIL,0.0,,0.0,0.704377
2023-04-28,neutral,EEM,EEM,0.0,,0.0,0.704377
2023-04-28,neutral,GLD,GLD,0.0,UGL,0.0,0.704377
2023-04-28,neutral,QQQ,QQQ,0.297252,QLD,0.0,0.704377
2023-05-05,risk_off,SPY,SPY,0.219057,SSO,0.0,0.927156
2023-05-05,risk_off,IEF,IEF,0.0,UST,0.0,0.927156
2023-05-05,risk_off,BIL,BIL,0.151694,,0.0,0.927156
2023-05-05,risk_off,EEM,EEM,0.179833,,0.0,0.927156
2023-05-05,risk_off,GLD,GLD,0.368772,UGL,0.0,0.927156
2023-05-05,risk_off,QQQ,QQQ,0.0078,QLD,0.0,0.927156
2023-05-12,risk_off,SPY,SPY,0.220029,SSO,0.0,0.931267
2023-05-12,risk_off,IEF,IEF,0.0,UST,0.0,0.931267
2023-05-12,risk_off,BIL,BIL,0.152366,,0.0,0.931267
2023-05-12,risk_off,EEM,EEM,0.18063,,0.0,0.931267
2023-05-12,risk_off,GLD,GLD,0.370407,UGL,0.0,0.931267
2023-05-12,risk_off,QQQ,QQQ,0.007835,QLD,0.0,0.931267
2023-05-19,very_risk_off,SPY,SPY,0.157386,SSO,0.0,0.667224
2023-05-19,very_risk_off,IEF,IEF,0.0,UST,0.0,0.667224
2023-05-19,very_risk_off,BIL,BIL,0.171072,,0.0,0.667224
2023-05-19,very_risk_off,EEM,EEM,0.0,,0.0,0.667224
2023-05-19,very_risk_off,GLD,GLD,0.220726,UGL,0.0,0.667224
2023-05-19,very_risk_off,QQQ,QQQ,0.11804,QLD,0.0,0.667224
2023-05-26,risk_off,SPY,SPY,0.222196,SSO,0.0,0.940441
2023-05-26,risk_off,IEF,IEF,0.0,UST,0.0,0.940441
2023-05-26,risk_off,BIL,BIL,0.153867,,0.0,0.940441
2023-05-26,risk_off,EEM,EEM,0.18241,,0.0,0.940441
2023-05-26,risk_off,GLD,GLD,0.374056,UGL,0.0,0.940441
2023-05-26,risk_off,QQQ,QQQ,0.007912,QLD,0.0,0.940441
2023-06-02,risk_off,SPY,SPY,0.220492,SSO,0.0,0.88486
2023-06-02,risk_off,IEF,IEF,0.140123,UST,0.0,0.88486
2023-06-02,risk_off,BIL,BIL,0.0,,0.0,0.88486
2023-06-02,risk_off,EEM,EEM,0.165877,,0.0,0.88486
2023-06-02,risk_off,GLD,GLD,0.353339,UGL,0.0,0.88486
2023-06-02,risk_off,QQQ,QQQ,0.005029,QLD,0.0,0.88486
2023-06-09,risk_off,SPY,SPY,0.220196,SSO,0.0,0.883673
2023-06-09,risk_off,IEF,IEF,0.139935,UST,0.0,0.883673
2023-06-09,risk_off,BIL,BIL,0.0,,0.0,0.883673
2023-06-09,risk_off,EEM,EEM,0.165654,,0.0,0.883673
2023-06-09,risk_off,GLD,GLD,0.352865,UGL,0.0,0.883673
2023-06-09,risk_off,QQQ,QQQ,0.005022,QLD,0.0,0.883673
2023-06-16,risk_on,SPY,SPY,0.840379,SSO,0.0,1.108467
2023-06-16,risk_on,IEF,IEF,0.107116,UST,0.0,1.108467
2023-06-16,risk_on,BIL,BIL,0.0,,0.0,1.108467
2023-06-16,risk_on,EEM,EEM,0.0,,0.0,1.108467
2023-06-16,risk_on,GLD,GLD,0.0,UGL,0.0,1.108467
2023-06-16,risk_on,QQQ,QQQ,0.160972,QLD,0.0,1.108467
2023-06-23,risk_off,SPY,SPY,0.223085,SSO,0.0,0.895264
2023-06-23,risk_off,IEF,IEF,0.14177,UST,0.0,0.895264
2023-06-23,risk_off,BIL,BIL,0.0,,0.0,0.895264
2023-06-23,risk_off,EEM,EEM,0.167827,,0.0,0.895264
2023-06-23,risk_off,GLD,GLD,0.357494,UGL,0.0,0.895264
2023-06-23,risk_off,QQQ,QQQ,0.005088,QLD,0.0,0.895264
2023-06-30,neutral,SPY,SPY,0.434614,SSO,0.0,0.750579
2023-06-30,neutral,IEF,IEF,0.0,UST,0.0,0.750579
2023-06-30,neutral,BIL,BIL,0.0,,0.0,0.750579
2023-06-30,neutral,EEM,EEM,0.0,,0.0,0.750579
2023-06-30,neutral,GLD,GLD,0.0,UGL,0.0,0.750579
2023-06-30,neutral,QQQ,QQQ,0.315965,QLD,0.0,0.750579
2023-07-07,neutral,SPY,SPY,0.473915,SSO,0.0,0.81568
2023-07-07,neutral,IEF,IEF,0.0,UST,0.0,0.81568
2023-07-07,neutral,BIL,BIL,0.0,,0.0,0.81568
2023-07-07,neutral,EEM,EEM,0.0,,0.0,0.81568
2023-07-07,neutral,GLD,GLD,0.073146,UGL,0.0,0.81568
2023-07-07,neutral,QQQ,QQQ,0.26862,QLD,0.0,0.81568
2023-07-14,neutral,SPY,SPY,0.476909,SSO,0.0,0.820832
2023-07-14,neutral,IEF,IEF,0.0,UST,0.0,0.820832
2023-07-14,neutral,BIL,BIL,0.0,,0.0,0.820832
2023-07-14,neutral,EEM,EEM,0.0,,0.0,0.820832
2023-07-14,neutral,GLD,GLD,0.073608,UGL,0.0,0.820832
2023-07-14,neutral,QQQ,QQQ,0.270316,QLD,0.0,0.820832
2023-07-21,risk_on,SPY,SPY,0.768743,SSO,0.0,1.017939
2023-07-21,risk_on,IEF,IEF,0.0,UST,0.0,1.017939
2023-07-21,risk_on,BIL,BIL,0.0,,0.0,1.017939
2023-07-21,risk_on,EEM,EEM,0.0,,0.0,1.017939
2023-07-21,risk_on,GLD,GLD,0.0,UGL,0.0,1.017939
2023-07-21,risk_on,QQQ,QQQ,0.249196,QLD,0.0,1.017939
2023-07-28,risk_on,SPY,SPY,0.800152,SSO,0.0,1.05953
2023-07-28,risk_on,IEF,IEF,0.0,UST,0.0,1.05953
2023-07-28,risk_on,BIL,BIL,0.0,,0.0,1.05953
2023-07-28,risk_on,EEM,EEM,0.0,,0.0,1.05953
2023-07-28,risk_on,GLD,GLD,0.0,UGL,0.0,1.05953
2023-07-28,risk_on,QQQ,QQQ,0.259378,QLD,0.0,1.05953
2023-08-04,very_risk_off,SPY,SPY,0.216623,SSO,0.0,0.834926
2023-08-04,very_risk_off,IEF,IEF,0.0,UST,0.0,0.834926
2023-08-04,very_risk_off,BIL,BIL,0.225987,,0.0,0.834926
2023-08-04,very_risk_off,EEM,EEM,0.003463,,0.0,0.834926
2023-08-04,very_risk_off,GLD,GLD,0.361579,UGL,0.0,0.834926
2023-08-04,very_risk_off,QQQ,QQQ,0.027274,QLD,0.0,0.834926
2023-08-11,risk_off,SPY,SPY,0.24557,SSO,0.0,0.954323
2023-08-11,risk_off,IEF,IEF,0.0,UST,0.0,0.954323
2023-08-11,risk_off,BIL,BIL,0.145858,,0.0,0.954323
2023-08-11,risk_off,EEM,EEM,0.175361,,0.0,0.954323
2023-08-11,risk_off,GLD,GLD,0.38391,UGL,0.0,0.954323
2023-08-11,risk_off,QQQ,QQQ,0.003623,QLD,0.0,0.954323
2023-08-18,very_risk_off,SPY,SPY,0.22317,SSO,0.0,0.860159
2023-08-18,very_risk_off,IEF,IEF,0.0,UST,0.0,0.860159
2023-08-18,very_risk_off,BIL,BIL,0.232816,,0.0,0.860159
2023-08-18,very_risk_off,EEM,EEM,0.003568,,0.0,0.860159
2023-08-18,very_risk_off,GLD,GLD,0.372506,UGL,0.0,0.860159
2023-08-18,very_risk_off,QQQ,QQQ,0.028098,QLD,0.0,0.860159
2023-08-25,risk_off,SPY,SPY,0.252379,SSO,0.0,0.980781
2023-08-25,risk_off,IEF,IEF,0.0,UST,0.0,0.980781
2023-08-25,risk_off,BIL,BIL,0.149902,,0.0,0.980781
2023-08-25,risk_off,EEM,EEM,0.180223,,0.0,0.980781
2023-08-25,risk_off,GLD,GLD,0.394554,UGL,0.0,0.980781
2023-08-25,risk_off,QQQ,QQQ,0.003724,QLD,0.0,0.980781
2023-09-01,risk_off,SPY,SPY,0.243228,SSO,0.0,0.988752
2023-09-01,risk_off,IEF,IEF,0.0,UST,0.0,0.988752
2023-09-01,risk_off,BIL,BIL,0.155681,,0.0,0.988752
2023-09-01,risk_off,EEM,EEM,0.187359,,0.0,0.988752
2023-09-01,risk_off,GLD,GLD,0.396377,UGL,0.0,0.988752
2023-09-01,risk_off,QQQ,QQQ,0.006107,QLD,0.0,0.988752
2023-09-08,neutral,SPY,SPY,0.770909,SSO,0.0,1.240158
2023-09-08,neutral,IEF,IEF,0.0,UST,0.0,1.240158
2023-09-08,neutral,BIL,BIL,0.0,,0.0,1.240158
2023-09-08,neutral,EEM,EEM,0.0,,0.0,1.240158
2023-09-08,neutral,GLD,GLD,0.469249,UGL,0.0,1.240158
2023-09-08,neutral,QQQ,QQQ,0.0,QLD,0.0,1.240158
2023-09-15,risk_off,SPY,SPY,0.243818,SSO,0.0,0.991151
2023-09-15,risk_off,IEF,IEF,0.0,UST,0.0,0.991151
2023-09-15,risk_off,BIL,BIL,0.156059,,0.0,0.991151
2023-09-15,risk_off,EEM,EEM,0.187813,,0.0,0.991151
2023-09-15,risk_off,GLD,GLD,0.397339,UGL,0.0,0.991151
2023-09-15,risk_off,QQQ,QQQ,0.006122,QLD,0.0,0.991151
2023-09-22,very_risk_off,SPY,SPY,0.242961,SSO,0.0,0.888181
2023-09-22,very_risk_off,IEF,IEF,0.0,UST,0.0,0.888181
2023-09-22,very_risk_off,BIL,BIL,0.24193,,0.0,0.888181
2023-09-22,very_risk_off,EEM,EEM,0.008101,,0.0,0.888181
2023-09-22,very_risk_off,GLD,GLD,0.387088,UGL,0.0,0.888181
2023-09-22,very_risk_off,QQQ,QQQ,0.008101,QLD,0.0,0.888181
2023-09-29,very_risk_off,SPY,SPY,0.247302,SSO,0.0,0.904049
2023-09-29,very_risk_off,IEF,IEF,0.0,UST,0.0,0.904049
2023-09-29,very_risk_off,BIL,BIL,0.246252,,0.0,0.904049
2023-09-29,very_risk_off,EEM,EEM,0.008246,,0.0,0.904049
2023-09-29,very_risk_off,GLD,GLD,0.394003,UGL,0.0,0.904049
2023-09-29,very_risk_off,QQQ,QQQ,0.008246,QLD,0.0,0.904049
2023-10-06,very_risk_off,SPY,SPY,0.241913,SSO,0.0,0.884347
2023-10-06,very_risk_off,IEF,IEF,0.0,UST,0.0,0.884347
2023-10-06,very_risk_off,BIL,BIL,0.240885,,0.0,0.884347
2023-10-06,very_risk_off,EEM,EEM,0.008066,,0.0,0.884347
2023-10-06,very_risk_off,GLD,GLD,0.385417,UGL,0.0,0.884347
2023-10-06,very_risk_off,QQQ,QQQ,0.008066,QLD,0.0,0.884347
2023-10-13,very_risk_off,SPY,SPY,0.24501,SSO,0.0,0.895671
2023-10-13,very_risk_off,IEF,IEF,0.0,UST,0.0,0.895671
2023-10-13,very_risk_off,BIL,BIL,0.24397,,0.0,0.895671
2023-10-13,very_risk_off,EEM,EEM,0.008169,,0.0,0.895671
2023-10-13,very_risk_off,GLD,GLD,0.390352,UGL,0.0,0.895671
2023-10-13,very_risk_off,QQQ,QQQ,0.008169,QLD,0.0,0.895671
2023-10-20,risk_off,SPY,SPY,0.247352,SSO,0.0,1.001121
2023-10-20,risk_off,IEF,IEF,0.0,UST,0.0,1.001121
2023-10-20,risk_off,BIL,BIL,0.155813,,0.0,1.001121
2023-10-20,risk_off,EEM,EEM,0.189418,,0.0,1.001121
2023-10-20,risk_off,GLD,GLD,0.402694,UGL,0.0,1.001121
2023-10-20,risk_off,QQQ,QQQ,0.005844,QLD,0.0,1.001121
2023-10-27,risk_off,SPY,SPY,0.248884,SSO,0.0,1.007321
2023-10-27,risk_off,IEF,IEF,0.0,UST,0.0,1.007321
2023-10-27,risk_off,BIL,BIL,0.156778,,0.0,1.007321
2023-10-27,risk_off,EEM,EEM,0.190592,,0.0,1.007321
2023-10-27,risk_off,GLD,GLD,0.405188,UGL,0.0,1.007321
2023-10-27,risk_off,QQQ,QQQ,0.005881,QLD,0.0,1.007321
2023-11-03,risk_on,SPY,SPY,0.754443,SSO,0.245557,1.656736
2023-11-03,risk_on,IEF,IEF,0.41118,UST,0.0,1.656736
2023-11-03,risk_on,BIL,BIL,0.0,,0.0,1.656736
2023-11-03,risk_on,EEM,EEM,0.0,,0.0,1.656736
2023-11-03,risk_on,GLD,GLD,0.0,UGL,0.0,1.656736
2023-11-03,risk_on,QQQ,QQQ,0.0,QLD,0.0,1.656736
2023-11-10,risk_on,SPY,SPY,0.804291,SSO,0.195709,1.590433
2023-11-10,risk_on,IEF,IEF,0.394724,UST,0.0,1.590433
2023-11-10,risk_on,BIL,BIL,0.0,,0.0,1.590433
2023-11-10,risk_on,EEM,EEM,0.0,,0.0,1.590433
2023-11-10,risk_on,GLD,GLD,0.0,UGL,0.0,1.590433
2023-11-10,risk_on,QQQ,QQQ,0.0,QLD,0.0,1.590433
2023-11-17,risk_on,SPY,SPY,0.759438,SSO,0.240562,1.650093
2023-11-17,risk_on,IEF,IEF,0.409531,UST,0.0,1.650093
2023-11-17,risk_on,BIL,BIL,0.0,,0.0,1.650093
2023-11-17,risk_on,EEM,EEM,0.0,,0.0,1.650093
2023-11-17,risk_on,GLD,GLD,0.0,UGL,0.0,1.650093
2023-11-17,risk_on,QQQ,QQQ,0.0,QLD,0.0,1.650093
2023-11-24,neutral,SPY,SPY,0.479218,SSO,0.0,1.271022
2023-11-24,neutral,IEF,IEF,0.0,UST,0.0,1.271022
2023-11-24,neutral,BIL,BIL,0.0,,0.0,1.271022
2023-11-24,neutral,EEM,EEM,0.0,,0.0,1.271022
2023-11-24,neutral,GLD,GLD,0.445924,UGL,0.0,1.271022
2023-11-24,neutral,QQQ,QQQ,0.34588,QLD,0.0,1.271022
2023-12-01,risk_on,SPY,SPY,0.706774,SSO,0.293226,1.708094
2023-12-01,risk_on,IEF,IEF,0.391715,UST,0.0,1.708094
2023-12-01,risk_on,BIL,BIL,0.0,,0.0,1.708094
2023-12-01,risk_on,EEM,EEM,0.0,,0.0,1.708094
2023-12-01,risk_on,GLD,GLD,0.0,UGL,0.0,1.708094
2023-12-01,risk_on,QQQ,QQQ,0.023153,QLD,0.0,1.708094
2023-12-08,neutral,SPY,SPY,0.619341,SSO,0.0,1.325001
2023-12-08,neutral,IEF,IEF,0.0,UST,0.0,1.325001
2023-12-08,neutral,BIL,BIL,0.0,,0.0,1.325001
2023-12-08,neutral,EEM,EEM,0.0,,0.0,1.325001
2023-12-08,neutral,GLD,GLD,0.465557,UGL,0.0,1.325001
2023-12-08,neutral,QQQ,QQQ,0.240103,QLD,0.0,1.325001
2023-12-15,risk_on,SPY,SPY,0.697138,SSO,0.302862,1.720822
2023-12-15,risk_on,IEF,IEF,0.394634,UST,0.0,1.720822
2023-12-15,risk_on,BIL,BIL,0.0,,0.0,1.720822
2023-12-15,risk_on,EEM,EEM,0.0,,0.0,1.720822
2023-12-15,risk_on,GLD,GLD,0.0,UGL,0.0,1.720822
2023-12-15,risk_on,QQQ,QQQ,0.023325,QLD,0.0,1.720822
2023-12-22,risk_on,SPY,SPY,0.681033,SSO,0.318967,1.742093
2023-12-22,risk_on,IEF,IEF,0.399513,UST,0.0,1.742093
2023-12-22,risk_on,BIL,BIL,0.0,,0.0,1.742093
2023-12-22,risk_on,EEM,EEM,0.0,,0.0,1.742093
2023-12-22,risk_on,GLD,GLD,0.0,UGL,0.0,1.742093
2023-12-22,risk_on,QQQ,QQQ,0.023614,QLD,0.0,1.742093
2023-12-29,risk_on,SPY,SPY,0.645586,SSO,0.354414,1.788912
2023-12-29,risk_on,IEF,IEF,0.410249,UST,0.0,1.788912
2023-12-29,risk_on,BIL,BIL,0.0,,0.0,1.788912
2023-12-29,risk_on,EEM,EEM,0.0,,0.0,1.788912
2023-12-29,risk_on,GLD,GLD,0.0,UGL,0.0,1.788912
2023-12-29,risk_on,QQQ,QQQ,0.024248,QLD,0.0,1.788912
2024-01-05,risk_off,SPY,SPY,0.286329,SSO,0.0,1.096516
2024-01-05,risk_off,IEF,IEF,0.0,UST,0.0,1.096516
2024-01-05,risk_off,BIL,BIL,0.16391,,0.0,1.096516
2024-01-05,risk_off,EEM,EEM,0.199737,,0.0,1.096516
2024-01-05,risk_off,GLD,GLD,0.443405,UGL,0.0,1.096516
2024-01-05,risk_off,QQQ,QQQ,0.003135,QLD,0.0,1.096516
2024-01-12,risk_off,SPY,SPY,0.31057,SSO,0.0,1.189347
2024-01-12,risk_off,IEF,IEF,0.0,UST,0.0,1.189347
2024-01-12,risk_off,BIL,BIL,0.177787,,0.0,1.189347
2024-01-12,risk_off,EEM,EEM,0.216646,,0.0,1.189347
2024-01-12,risk_off,GLD,GLD,0.480944,UGL,0.0,1.189347
2024-01-12,risk_off,QQQ,QQQ,0.0034,QLD,0.0,1.189347
2024-01-19,very_risk_off,SPY,SPY,0.266741,SSO,0.0,1.058851
2024-01-19,very_risk_off,IEF,IEF,0.0,UST,0.0,1.058851
2024-01-19,very_risk_off,BIL,BIL,0.285621,,0.0,1.058851
2024-01-19,very_risk_off,EEM,EEM,0.001577,,0.0,1.058851
2024-01-19,very_risk_off,GLD,GLD,0.456994,UGL,0.0,1.058851
2024-01-19,very_risk_off,QQQ,QQQ,0.047918,QLD,0.0,1.058851
2024-01-26,risk_off,SPY,SPY,0.311091,SSO,0.0,1.191345
2024-01-26,risk_off,IEF,IEF,0.0,UST,0.0,1.191345
2024-01-26,risk_off,BIL,BIL,0.178086,,0.0,1.191345
2024-01-26,risk_off,EEM,EEM,0.21701,,0.0,1.191345
2024-01-26,risk_off,GLD,GLD,0.481752,UGL,0.0,1.191345
2024-01-26,risk_off,QQQ,QQQ,0.003406,QLD,0.0,1.191345
2024-02-02,risk_off,SPY,SPY,0.307325,SSO,0.0,1.220274
2024-02-02,risk_off,IEF,IEF,0.0,UST,0.0,1.220274
2024-02-02,risk_off,BIL,BIL,0.189534,,0.0,1.220274
2024-02-02,risk_off,EEM,EEM,0.22756,,0.0,1.220274
2024-02-02,risk_off,GLD,GLD,0.489797,UGL,0.0,1.220274
2024-02-02,risk_off,QQQ,QQQ,0.006059,QLD,0.0,1.220274
2024-02-09,risk_off,SPY,SPY,0.310158,SSO,0.0,1.231525
2024-02-09,risk_off,IEF,IEF,0.0,UST,0.0,1.231525
2024-02-09,risk_off,BIL,BIL,0.191281,,0.0,1.231525
2024-02-09,risk_off,EEM,EEM,0.229658,,0.0,1.231525
2024-02-09,risk_off,GLD,GLD,0.494313,UGL,0.0,1.231525
2024-02-09,risk_off,QQQ,QQQ,0.006115,QLD,0.0,1.231525
2024-02-16,risk_off,SPY,SPY,0.312143,SSO,0.0,1.239405
2024-02-16,risk_off,IEF,IEF,0.0,UST,0.0,1.239405
2024-02-16,risk_off,BIL,BIL,0.192505,,0.0,1.239405
2024-02-16,risk_off,EEM,EEM,0.231127,,0.0,1.239405
2024-02-16,risk_off,GLD,GLD,0.497475,UGL,0.0,1.239405
2024-02-16,risk_off,QQQ,QQQ,0.006154,QLD,0.0,1.239405
2024-02-23,risk_off,SPY,SPY,0.311969,SSO,0.0,1.238715
2024-02-23,risk_off,IEF,IEF,0.0,UST,0.0,1.238715
2024-02-23,risk_off,BIL,BIL,0.192398,,0.0,1.238715
2024-02-23,risk_off,EEM,EEM,0.230999,,0.0,1.238715
2024-02-23,risk_off,GLD,GLD,0.497199,UGL,0.0,1.238715
2024-02-23,risk_off,QQQ,QQQ,0.006151,QLD,0.0,1.238715
2024-03-01,risk_on,SPY,SPY,0.829285,SSO,0.170715,1.604188
2024-03-01,risk_on,IEF,IEF,0.0,UST,0.0,1.604188
2024-03-01,risk_on,BIL,BIL,0.0,,0.0,1.604188
2024-03-01,risk_on,EEM,EEM,0.0,,0.0,1.604188
2024-03-01,risk_on,GLD,GLD,0.0,UGL,0.0,1.604188
2024-03-01,risk_on,QQQ,QQQ,0.433473,QLD,0.0,1.604188
2024-03-08,risk_on,SPY,SPY,0.829023,SSO,0.170977,1.604547
2024-03-08,risk_on,IEF,IEF,0.0,UST,0.0,1.604547
2024-03-08,risk_on,BIL,BIL,0.0,,0.0,1.604547
2024-03-08,risk_on,EEM,EEM,0.0,,0.0,1.604547
2024-03-08,risk_on,GLD,GLD,0.0,UGL,0.0,1.604547
2024-03-08,risk_on,QQQ,QQQ,0.43357,QLD,0.0,1.604547
2024-03-15,neutral,SPY,SPY,0.879701,SSO,0.0,1.674789
2024-03-15,neutral,IEF,IEF,0.0,UST,0.0,1.674789
2024-03-15,neutral,BIL,BIL,0.0,,0.0,1.674789
2024-03-15,neutral,EEM,EEM,0.0,,0.0,1.674789
2024-03-15,neutral,GLD,GLD,0.58956,UGL,0.0,1.674789
2024-03-15,neutral,QQQ,QQQ,0.205528,QLD,0.0,1.674789
2024-03-22,risk_off,SPY,SPY,0.327544,SSO,0.0,1.273037
2024-03-22,risk_off,IEF,IEF,0.0,UST,0.0,1.273037
2024-03-22,risk_off,BIL,BIL,0.195518,,0.0,1.273037
2024-03-22,risk_off,EEM,EEM,0.233772,,0.0,1.273037
2024-03-22,risk_off,GLD,GLD,0.511288,UGL,0.0,1.273037
2024-03-22,risk_off,QQQ,QQQ,0.004915,QLD,0.0,1.273037
2024-03-29,risk_off,SPY,SPY,0.327866,SSO,0.0,1.274291
2024-03-29,risk_off,IEF,IEF,0.0,UST,0.0,1.274291
2024-03-29,risk_off,BIL,BIL,0.19571,,0.0,1.274291
2024-03-29,risk_off,EEM,EEM,0.234002,,0.0,1.274291
2024-03-29,risk_off,GLD,GLD,0.511792,UGL,0.0,1.274291
2024-03-29,risk_off,QQQ,QQQ,0.00492,QLD,0.0,1.274291
2024-04-05,very_risk_off,SPY,SPY,0.27891,SSO,0.0,1.094647
2024-04-05,very_risk_off,IEF,IEF,0.0,UST,0.0,1.094647
2024-04-05,very_risk_off,BIL,BIL,0.295662,,0.0,1.094647
2024-04-05,very_risk_off,EEM,EEM,0.002742,,0.0,1.094647
2024-04-05,very_risk_off,GLD,GLD,0.473059,UGL,0.0,1.094647
2024-04-05,very_risk_off,QQQ,QQQ,0.044273,QLD,0.0,1.094647
2024-04-12,very_risk_off,SPY,SPY,0.27527,SSO,0.0,1.080361
2024-04-12,very_risk_off,IEF,IEF,0.0,UST,0.0,1.080361
2024-04-12,very_risk_off,BIL,BIL,0.291803,,0.0,1.080361
2024-04-12,very_risk_off,EEM,EEM,0.002707,,0.0,1.080361
2024-04-12,very_risk_off,GLD,GLD,0.466885,UGL,0.0,1.080361
2024-04-12,very_risk_off,QQQ,QQQ,0.043695,QLD,0.0,1.080361
2024-04-19,very_risk_off,SPY,SPY,0.27664,SSO,0.0,1.085736
2024-04-19,very_risk_off,IEF,IEF,0.0,UST,0.0,1.085736
2024-04-19,very_risk_off,BIL,BIL,0.293255,,0.0,1.085736
2024-04-19,very_risk_off,EEM,EEM,0.00272,,0.0,1.085736
2024-04-19,very_risk_off,GLD,GLD,0.469208,UGL,0.0,1.085736
2024-04-19,very_risk_off,QQQ,QQQ,0.043913,QLD,0.0,1.085736
2024-04-26,risk_off,SPY,SPY,0.339109,SSO,0.0,1.32436
2024-04-26,risk_off,IEF,IEF,0.0,UST,0.0,1.32436
2024-04-26,risk_off,BIL,BIL,0.204328,,0.0,1.32436
2024-04-26,risk_off,EEM,EEM,0.24398,,0.0,1.32436
2024-04-26,risk_off,GLD,GLD,0.531466,UGL,0.0,1.32436
2024-04-26,risk_off,QQQ,QQQ,0.005478,QLD,0.0,1.32436
2024-05-03,neutral,SPY,SPY,0.632029,SSO,0.0,1.650601
2024-05-03,neutral,IEF,IEF,0.0,UST,0.0,1.650601
2024-05-03,neutral,BIL,BIL,0.0,,0.0,1.650601
2024-05-03,neutral,EEM,EEM,0.0,,0.0,1.650601
2024-05-03,neutral,GLD,GLD,0.58055,UGL,0.0,1.650601
2024-05-03,neutral,QQQ,QQQ,0.438022,QLD,0.0,1.650601
2024-05-10,risk_on,SPY,SPY,0.711959,SSO,0.288041,1.710166
2024-05-10,risk_on,IEF,IEF,0.0,UST,0.0,1.710166
2024-05-10,risk_on,BIL,BIL,0.0,,0.0,1.710166
2024-05-10,risk_on,EEM,EEM,0.0,,0.0,1.710166
2024-05-10,risk_on,GLD,GLD,0.0,UGL,0.0,1.710166
2024-05-10,risk_on,QQQ,QQQ,0.422125,QLD,0.0,1.710166
2024-05-17,risk_on,SPY,SPY,0.703748,SSO,0.296252,1.721068
2024-05-17,risk_on,IEF,IEF,0.0,UST,0.0,1.721068
2024-05-17,risk_on,BIL,BIL,0.0,,0.0,1.721068
2024-05-17,risk_on,EEM,EEM,0.0,,0.0,1.721068
2024-05-17,risk_on,GLD,GLD,0.0,UGL,0.0,1.721068
2024-05-17,risk_on,QQQ,QQQ,0.424816,QLD,0.0,1.721068
2024-05-24,neutral,SPY,SPY,0.681339,SSO,0.0,1.779379
2024-05-24,neutral,IEF,IEF,0.0,UST,0.0,1.779379
2024-05-24,neutral,BIL,BIL,0.0,,0.0,1.779379
2024-05-24,neutral,EEM,EEM,0.0,,0.0,1.779379
2024-05-24,neutral,GLD,GLD,0.625844,UGL,0.0,1.779379
2024-05-24,neutral,QQQ,QQQ,0.472196,QLD,0.0,1.779379
2024-05-31,risk_off,SPY,SPY,0.353455,SSO,0.0,1.368426
2024-05-31,risk_off,IEF,IEF,0.0,UST,0.0,1.368426
2024-05-31,risk_off,BIL,BIL,0.210421,,0.0,1.368426
2024-05-31,risk_off,EEM,EEM,0.250443,,0.0,1.368426
2024-05-31,risk_off,GLD,GLD,0.549046,UGL,0.0,1.368426
2024-05-31,risk_off,QQQ,QQQ,0.005061,QLD,0.0,1.368426
2024-06-07,very_risk_off,SPY,SPY,0.297261,SSO,0.0,1.158716
2024-06-07,very_risk_off,IEF,IEF,0.0,UST,0.0,1.158716
2024-06-07,very_risk_off,BIL,BIL,0.313214,,0.0,1.158716
2024-06-07,very_risk_off,EEM,EEM,0.003618,,0.0,1.158716
2024-06-07,very_risk_off,GLD,GLD,0.501143,UGL,0.0,1.158716
2024-06-07,very_risk_off,QQQ,QQQ,0.043481,QLD,0.0,1.158716
2024-06-14,risk_off,SPY,SPY,0.354181,SSO,0.0,1.357841
2024-06-14,risk_off,IEF,IEF,0.0,UST,0.0,1.357841
2024-06-14,risk_off,BIL,BIL,0.207609,,0.0,1.357841
2024-06-14,risk_off,EEM,EEM,0.246708,,0.0,1.357841
2024-06-14,risk_off,GLD,GLD,0.545028,UGL,0.0,1.357841
2024-06-14,risk_off,QQQ,QQQ,0.004315,QLD,0.0,1.357841
2024-06-21,risk_off,SPY,SPY,0.353596,SSO,0.0,1.355602
2024-06-21,risk_off,IEF,IEF,0.0,UST,0.0,1.355602
2024-06-21,risk_off,BIL,BIL,0.207267,,0.0,1.355602
2024-06-21,risk_off,EEM,EEM,0.246301,,0.0,1.355602
2024-06-21,risk_off,GLD,GLD,0.544129,UGL,0.0,1.355602
2024-06-21,risk_off,QQQ,QQQ,0.004308,QLD,0.0,1.355602
2024-06-28,risk_off,SPY,SPY,0.353612,SSO,0.0,1.355662
2024-06-28,risk_off,IEF,IEF,0.0,UST,0.0,1.355662
2024-06-28,risk_off,BIL,BIL,0.207276,,0.0,1.355662
2024-06-28,risk_off,EEM,EEM,0.246312,,0.0,1.355662
2024-06-28,risk_off,GLD,GLD,0.544154,UGL,0.0,1.355662
2024-06-28,risk_off,QQQ,QQQ,0.004308,QLD,0.0,1.355662
2024-07-05,risk_on,SPY,SPY,0.834137,SSO,0.165863,1.705788
2024-07-05,risk_on,IEF,IEF,0.0,UST,0.0,1.705788
2024-07-05,risk_on,BIL,BIL,0.0,,0.0,1.705788
2024-07-05,risk_on,EEM,EEM,0.0,,0.0,1.705788
2024-07-05,risk_on,GLD,GLD,0.0,UGL,0.0,1.705788
2024-07-05,risk_on,QQQ,QQQ,0.539925,QLD,0.0,1.705788
2024-07-12,risk_on,SPY,SPY,0.843648,SSO,0.156352,1.691873
2024-07-12,risk_on,IEF,IEF,0.0,UST,0.0,1.691873
2024-07-12,risk_on,BIL,BIL,0.0,,0.0,1.691873
2024-07-12,risk_on,EEM,EEM,0.0,,0.0,1.691873
2024-07-12,risk_on,GLD,GLD,0.0,UGL,0.0,1.691873
2024-07-12,risk_on,QQQ,QQQ,0.53552,QLD,0.0,1.691873
2024-07-19,risk_on,SPY,SPY,0.834908,SSO,0.165092,1.70466
2024-07-19,risk_on,IEF,IEF,0.0,UST,0.0,1.70466
2024-07-19,risk_on,BIL,BIL,0.0,,0.0,1.70466
2024-07-19,risk_on,EEM,EEM,0.0,,0.0,1.70466
2024-07-19,risk_on,GLD,GLD,0.0,UGL,0.0,1.70466
2024-07-19,risk_on,QQQ,QQQ,0.539568,QLD,0.0,1.70466
2024-07-26,risk_on,SPY,SPY,0.862316,SSO,0.137684,1.664559
2024-07-26,risk_on,IEF,IEF,0.0,UST,0.0,1.664559
2024-07-26,risk_on,BIL,BIL,0.0,,0.0,1.664559
2024-07-26,risk_on,EEM,EEM,0.0,,0.0,1.664559
2024-07-26,risk_on,GLD,GLD,0.0,UGL,0.0,1.664559
2024-07-26,risk_on,QQQ,QQQ,0.526875,QLD,0.0,1.664559
2024-08-02,risk_off,SPY,SPY,0.339495,SSO,0.0,1.305704
2024-08-02,risk_off,IEF,IEF,0.0,UST,0.0,1.305704
2024-08-02,risk_off,BIL,BIL,0.200808,,0.0,1.305704
2024-08-02,risk_off,EEM,EEM,0.237652,,0.0,1.305704
2024-08-02,risk_off,GLD,GLD,0.523315,UGL,0.0,1.305704
2024-08-02,risk_off,QQQ,QQQ,0.004434,QLD,0.0,1.305704
2024-08-09,risk_off,SPY,SPY,0.339532,SSO,0.0,1.305847
2024-08-09,risk_off,IEF,IEF,0.0,UST,0.0,1.305847
2024-08-09,risk_off,BIL,BIL,0.20083,,0.0,1.305847
2024-08-09,risk_off,EEM,EEM,0.237678,,0.0,1.305847
2024-08-09,risk_off,GLD,GLD,0.523373,UGL,0.0,1.305847
2024-08-09,risk_off,QQQ,QQQ,0.004435,QLD,0.0,1.305847
2024-08-16,neutral,SPY,SPY,0.280312,SSO,0.0,1.54853
2024-08-16,neutral,IEF,IEF,0.0,UST,0.0,1.54853
2024-08-16,neutral,BIL,BIL,0.0,,0.0,1.54853
2024-08-16,neutral,EEM,EEM,0.0,,0.0,1.54853
2024-08-16,neutral,GLD,GLD,0.547995,UGL,0.0,1.54853
2024-08-16,neutral,QQQ,QQQ,0.720222,QLD,0.0,1.54853
2024-08-23,risk_on,SPY,SPY,0.996026,SSO,0.0,1.583
2024-08-23,risk_on,IEF,IEF,0.0,UST,0.0,1.583
2024-08-23,risk_on,BIL,BIL,0.0,,0.0,1.583
2024-08-23,risk_on,EEM,EEM,0.030973,,0.0,1.583
2024-08-23,risk_on,GLD,GLD,0.0,UGL,0.0,1.583
2024-08-23,risk_on,QQQ,QQQ,0.556001,QLD,0.0,1.583
2024-08-30,risk_on,SPY,SPY,0.998935,SSO,0.001065,1.591009
2024-08-30,risk_on,IEF,IEF,0.0,UST,0.0,1.591009
2024-08-30,risk_on,BIL,BIL,0.0,,0.0,1.591009
2024-08-30,risk_on,EEM,EEM,0.03113,,0.0,1.591009
2024-08-30,risk_on,GLD,GLD,0.0,UGL,0.0,1.591009
2024-08-30,risk_on,QQQ,QQQ,0.558814,QLD,0.0,1.591009
2024-09-06,risk_on,SPY,SPY,0.987035,SSO,0.0,1.602321
2024-09-06,risk_on,IEF,IEF,0.0,UST,0.0,1.602321
2024-09-06,risk_on,BIL,BIL,0.0,,0.0,1.602321
2024-09-06,risk_on,EEM,EEM,0.061888,,0.0,1.602321
2024-09-06,risk_on,GLD,GLD,0.0,UGL,0.0,1.602321
2024-09-06,risk_on,QQQ,QQQ,0.553398,QLD,0.0,1.602321
2024-09-13,neutral,SPY,SPY,0.487688,SSO,0.0,1.277087
2024-09-13,neutral,IEF,IEF,0.0,UST,0.0,1.277087
2024-09-13,neutral,BIL,BIL,0.0,,0.0,1.277087
2024-09-13,neutral,EEM,EEM,0.0,,0.0,1.277087
2024-09-13,neutral,GLD,GLD,0.199931,UGL,0.0,1.277087
2024-09-13,neutral,QQQ,QQQ,0.589468,QLD,0.0,1.277087
2024-09-20,risk_on,SPY,SPY,0.910277,SSO,0.0,1.477714
2024-09-20,risk_on,IEF,IEF,0.0,UST,0.0,1.477714
2024-09-20,risk_on,BIL,BIL,0.0,,0.0,1.477714
2024-09-20,risk_on,EEM,EEM,0.057076,,0.0,1.477714
2024-09-20,risk_on,GLD,GLD,0.0,UGL,0.0,1.477714
2024-09-20,risk_on,QQQ,QQQ,0.510362,QLD,0.0,1.477714
2024-09-27,very_risk_on,SPY,SPY,0.456334,SSO,0.0,2.0
2024-09-27,very_risk_on,IEF,IEF,0.0,UST,0.0,2.0
2024-09-27,very_risk_on,BIL,BIL,0.0,,0.0,2.0
2024-09-27,very_risk_on,EEM,EEM,0.0,,0.0,2.0
2024-09-27,very_risk_on,GLD,GLD,0.463393,UGL,0.0,2.0
2024-09-27,very_risk_on,QQQ,QQQ,0.919727,QLD,0.080273,2.0
2024-10-04,neutral,SPY,SPY,0.340124,SSO,0.0,1.341918
2024-10-04,neutral,IEF,IEF,0.0,UST,0.0,1.341918
2024-10-04,neutral,BIL,BIL,0.0,,0.0,1.341918
2024-10-04,neutral,EEM,EEM,0.0,,0.0,1.341918
2024-10-04,neutral,GLD,GLD,0.383272,UGL,0.0,1.341918
2024-10-04,neutral,QQQ,QQQ,0.618522,QLD,0.0,1.341918
2024-10-11,risk_off,SPY,SPY,0.320082,SSO,0.0,1.256537
2024-10-11,risk_off,IEF,IEF,0.0,UST,0.0,1.256537
2024-10-11,risk_off,BIL,BIL,0.198062,,0.0,1.256537
2024-10-11,risk_off,EEM,EEM,0.231665,,0.0,1.256537
2024-10-11,risk_off,GLD,GLD,0.500901,UGL,0.0,1.256537
2024-10-11,risk_off,QQQ,QQQ,0.005828,QLD,0.0,1.256537
2024-10-18,neutral,SPY,SPY,0.348445,SSO,0.0,1.374745
2024-10-18,neutral,IEF,IEF,0.0,UST,0.0,1.374745
2024-10-18,neutral,BIL,BIL,0.0,,0.0,1.374745
2024-10-18,neutral,EEM,EEM,0.0,,0.0,1.374745
2024-10-18,neutral,GLD,GLD,0.392648,UGL,0.0,1.374745
2024-10-18,neutral,QQQ,QQQ,0.633653,QLD,0.0,1.374745
2024-10-25,risk_off,SPY,SPY,0.327569,SSO,0.0,1.285929
2024-10-25,risk_off,IEF,IEF,0.0,UST,0.0,1.285929
2024-10-25,risk_off,BIL,BIL,0.202695,,0.0,1.285929
2024-10-25,risk_off,EEM,EEM,0.237084,,0.0,1.285929
2024-10-25,risk_off,GLD,GLD,0.512618,UGL,0.0,1.285929
2024-10-25,risk_off,QQQ,QQQ,0.005964,QLD,0.0,1.285929
2024-11-01,risk_off,SPY,SPY,0.324312,SSO,0.0,1.295613
2024-11-01,risk_off,IEF,IEF,0.0,UST,0.0,1.295613
2024-11-01,risk_off,BIL,BIL,0.20761,,0.0,1.295613
2024-11-01,risk_off,EEM,EEM,0.241558,,0.0,1.295613
2024-11-01,risk_off,GLD,GLD,0.514832,UGL,0.0,1.295613
2024-11-01,risk_off,QQQ,QQQ,0.0073,QLD,0.0,1.295613
2024-11-08,neutral,SPY,SPY,0.278791,SSO,0.0,1.440459
2024-11-08,neutral,IEF,IEF,0.0,UST,0.0,1.440459
2024-11-08,neutral,BIL,BIL,0.0,,0.0,1.440459
2024-11-08,neutral,EEM,EEM,0.0,,0.0,1.440459
2024-11-08,neutral,GLD,GLD,0.4981,UGL,0.0,1.440459
2024-11-08,neutral,QQQ,QQQ,0.663568,QLD,0.0,1.440459
2024-11-15,neutral,SPY,SPY,0.27479,SSO,0.0,1.41979
2024-11-15,neutral,IEF,IEF,0.0,UST,0.0,1.41979
2024-11-15,neutral,BIL,BIL,0.0,,0.0,1.41979
2024-11-15,neutral,EEM,EEM,0.0,,0.0,1.41979
2024-11-15,neutral,GLD,GLD,0.490953,UGL,0.0,1.41979
2024-11-15,neutral,QQQ,QQQ,0.654046,QLD,0.0,1.41979
2024-11-22,neutral,SPY,SPY,0.266567,SSO,0.0,1.3773
2024-11-22,neutral,IEF,IEF,0.0,UST,0.0,1.3773
2024-11-22,neutral,BIL,BIL,0.0,,0.0,1.3773
2024-11-22,neutral,EEM,EEM,0.0,,0.0,1.3773
2024-11-22,neutral,GLD,GLD,0.47626,UGL,0.0,1.3773
2024-11-22,neutral,QQQ,QQQ,0.634473,QLD,0.0,1.3773
2024-11-29,neutral,SPY,SPY,0.264935,SSO,0.0,1.368869
2024-11-29,neutral,IEF,IEF,0.0,UST,0.0,1.368869
2024-11-29,neutral,BIL,BIL,0.0,,0.0,1.368869
2024-11-29,neutral,EEM,EEM,0.0,,0.0,1.368869
2024-11-29,neutral,GLD,GLD,0.473345,UGL,0.0,1.368869
2024-11-29,neutral,QQQ,QQQ,0.630589,QLD,0.0,1.368869
2024-12-06,very_risk_on,SPY,SPY,0.320744,SSO,0.0,2.0
2024-12-06,very_risk_on,IEF,IEF,0.0,UST,0.0,2.0
2024-12-06,very_risk_on,BIL,BIL,0.0,,0.0,2.0
2024-12-06,very_risk_on,EEM,EEM,0.0,,0.0,2.0
2024-12-06,very_risk_on,GLD,GLD,0.503705,UGL,0.0,2.0
2024-12-06,very_risk_on,QQQ,QQQ,0.824449,QLD,0.175551,2.0
2024-12-13,neutral,SPY,SPY,0.274194,SSO,0.0,1.383651
2024-12-13,neutral,IEF,IEF,0.0,UST,0.0,1.383651
2024-12-13,neutral,BIL,BIL,0.0,,0.0,1.383651
2024-12-13,neutral,EEM,EEM,0.0,,0.0,1.383651
2024-12-13,neutral,GLD,GLD,0.48769,UGL,0.0,1.383651
2024-12-13,neutral,QQQ,QQQ,0.621768,QLD,0.0,1.383651
2024-12-20,risk_off,SPY,SPY,0.315103,SSO,0.0,1.255816
2024-12-20,risk_off,IEF,IEF,0.0,UST,0.0,1.255816
2024-12-20,risk_off,BIL,BIL,0.201061,,0.0,1.255816
2024-12-20,risk_off,EEM,EEM,0.233733,,0.0,1.255816
2024-12-20,risk_off,GLD,GLD,0.49899,UGL,0.0,1.255816
2024-12-20,risk_off,QQQ,QQQ,0.006928,QLD,0.0,1.255816
2024-12-27,risk_off,SPY,SPY,0.310733,SSO,0.0,1.238399
2024-12-27,risk_off,IEF,IEF,0.0,UST,0.0,1.238399
2024-12-27,risk_off,BIL,BIL,0.198273,,0.0,1.238399
2024-12-27,risk_off,EEM,EEM,0.230492,,0.0,1.238399
2024-12-27,risk_off,GLD,GLD,0.49207,UGL,0.0,1.238399
2024-12-27,risk_off,QQQ,QQQ,0.006832,QLD,0.0,1.238399
2025-01-03,risk_off,SPY,SPY,0.320977,SSO,0.0,1.26043
2025-01-03,risk_off,IEF,IEF,0.0,UST,0.0,1.26043
2025-01-03,risk_off,BIL,BIL,0.200437,,0.0,1.26043
2025-01-03,risk_off,EEM,EEM,0.232106,,0.0,1.26043
2025-01-03,risk_off,GLD,GLD,0.500905,UGL,0.0,1.26043
2025-01-03,risk_off,QQQ,QQQ,0.006004,QLD,0.0,1.26043
2025-01-10,neutral,SPY,SPY,0.542967,SSO,0.0,1.527179
2025-01-10,neutral,IEF,IEF,0.0,UST,0.0,1.527179
2025-01-10,neutral,BIL,BIL,0.0,,0.0,1.527179
2025-01-10,neutral,EEM,EEM,0.0,,0.0,1.527179
2025-01-10,neutral,GLD,GLD,0.539589,UGL,0.0,1.527179
2025-01-10,neutral,QQQ,QQQ,0.444622,QLD,0.0,1.527179
2025-01-17,risk_on,SPY,SPY,0.705148,SSO,0.294852,1.753452
2025-01-17,risk_on,IEF,IEF,0.044838,UST,0.0,1.753452
2025-01-17,risk_on,BIL,BIL,0.0,,0.0,1.753452
2025-01-17,risk_on,EEM,EEM,0.0,,0.0,1.753452
2025-01-17,risk_on,GLD,GLD,0.028962,UGL,0.0,1.753452
2025-01-17,risk_on,QQQ,QQQ,0.3848,QLD,0.0,1.753452
2025-01-24,very_risk_on,SPY,SPY,0.810094,SSO,0.0,2.0
2025-01-24,very_risk_on,IEF,IEF,0.0,UST,0.0,2.0
2025-01-24,very_risk_on,BIL,BIL,0.0,,0.0,2.0
2025-01-24,very_risk_on,EEM,EEM,0.0,,0.0,2.0
2025-01-24,very_risk_on,GLD,GLD,0.505353,UGL,0.0,2.0
2025-01-24,very_risk_on,QQQ,QQQ,0.684553,QLD,0.0,2.0
2025-01-31,very_risk_on,SPY,SPY,0.810094,SSO,0.0,2.0
2025-01-31,very_risk_on,IEF,IEF,0.0,UST,0.0,2.0
2025-01-31,very_risk_on,BIL,BIL,0.0,,0.0,2.0
2025-01-31,very_risk_on,EEM,EEM,0.0,,0.0,2.0
2025-01-31,very_risk_on,GLD,GLD,0.505353,UGL,0.0,2.0
2025-01-31,very_risk_on,QQQ,QQQ,0.684553,QLD,0.0,2.0
2025-02-07,risk_on,SPY,SPY,0.739628,SSO,0.260372,1.6992
2025-02-07,risk_on,IEF,IEF,0.0,UST,0.0,1.6992
2025-02-07,risk_on,BIL,BIL,0.0,,0.0,1.6992
2025-02-07,risk_on,EEM,EEM,0.123683,,0.0,1.6992
2025-02-07,risk_on,GLD,GLD,0.0,UGL,0.0,1.6992
2025-02-07,risk_on,QQQ,QQQ,0.315145,QLD,0.0,1.6992
2025-02-14,risk_on,SPY,SPY,0.725185,SSO,0.274815,1.718673
2025-02-14,risk_on,IEF,IEF,0.0,UST,0.0,1.718673
2025-02-14,risk_on,BIL,BIL,0.0,,0.0,1.718673
2025-02-14,risk_on,EEM,EEM,0.125101,,0.0,1.718673
2025-02-14,risk_on,GLD,GLD,0.0,UGL,0.0,1.718673
2025-02-14,risk_on,QQQ,QQQ,0.318757,QLD,0.0,1.718673
2025-02-21,risk_on,SPY,SPY,0.731225,SSO,0.268775,1.710529
2025-02-21,risk_on,IEF,IEF,0.0,UST,0.0,1.710529
2025-02-21,risk_on,BIL,BIL,0.0,,0.0,1.710529
2025-02-21,risk_on,EEM,EEM,0.124508,,0.0,1.710529
2025-02-21,risk_on,GLD,GLD,0.0,UGL,0.0,1.710529
2025-02-21,risk_on,QQQ,QQQ,0.317246,QLD,0.0,1.710529
2025-02-28,risk_on,SPY,SPY,0.743974,SSO,0.256026,1.693341
2025-02-28,risk_on,IEF,IEF,0.0,UST,0.0,1.693341
2025-02-28,risk_on,BIL,BIL,0.0,,0.0,1.693341
2025-02-28,risk_on,EEM,EEM,0.123257,,0.0,1.693341
2025-02-28,risk_on,GLD,GLD,0.0,UGL,0.0,1.693341
2025-02-28,risk_on,QQQ,QQQ,0.314059,QLD,0.0,1.693341
2025-03-07,risk_on,SPY,SPY,0.902895,SSO,0.097105,1.671006
2025-03-07,risk_on,IEF,IEF,0.0,UST,0.0,1.671006
2025-03-07,risk_on,BIL,BIL,0.0,,0.0,1.671006
2025-03-07,risk_on,EEM,EEM,0.179881,,0.0,1.671006
2025-03-07,risk_on,GLD,GLD,0.0,UGL,0.0,1.671006
2025-03-07,risk_on,QQQ,QQQ,0.39402,QLD,0.0,1.671006
2025-03-14,risk_off,SPY,SPY,0.326528,SSO,0.0,1.282226
2025-03-14,risk_off,IEF,IEF,0.0,UST,0.0,1.282226
2025-03-14,risk_off,BIL,BIL,0.203903,,0.0,1.282226
2025-03-14,risk_off,EEM,EEM,0.23612,,0.0,1.282226
2025-03-14,risk_off,GLD,GLD,0.509567,UGL,0.0,1.282226
2025-03-14,risk_off,QQQ,QQQ,0.006108,QLD,0.0,1.282226
2025-03-21,neutral,SPY,SPY,0.952527,SSO,0.0,1.647643
2025-03-21,neutral,IEF,IEF,0.0,UST,0.0,1.647643
2025-03-21,neutral,BIL,BIL,0.0,,0.0,1.647643
2025-03-21,neutral,EEM,EEM,0.0,,0.0,1.647643
2025-03-21,neutral,GLD,GLD,0.580445,UGL,0.0,1.647643
2025-03-21,neutral,QQQ,QQQ,0.114672,QLD,0.0,1.647643
2025-03-28,risk_off,SPY,SPY,0.327763,SSO,0.0,1.287077
2025-03-28,risk_off,IEF,IEF,0.0,UST,0.0,1.287077
2025-03-28,risk_off,BIL,BIL,0.204674,,0.0,1.287077
2025-03-28,risk_off,EEM,EEM,0.237014,,0.0,1.287077
2025-03-28,risk_off,GLD,GLD,0.511495,UGL,0.0,1.287077
2025-03-28,risk_off,QQQ,QQQ,0.006131,QLD,0.0,1.287077
2025-04-04,neutral,SPY,SPY,0.938658,SSO,0.061342,1.707375
2025-04-04,neutral,IEF,IEF,0.0,UST,0.0,1.707375
2025-04-04,neutral,BIL,BIL,0.0,,0.0,1.707375
2025-04-04,neutral,EEM,EEM,0.0,,0.0,1.707375
2025-04-04,neutral,GLD,GLD,0.646034,UGL,0.0,1.707375
2025-04-04,neutral,QQQ,QQQ,0.0,QLD,0.0,1.707375
2025-04-11,risk_off,SPY,SPY,0.286649,SSO,0.0,1.14887
2025-04-11,risk_off,IEF,IEF,0.0,UST,0.0,1.14887
2025-04-11,risk_off,BIL,BIL,0.186263,,0.0,1.14887
2025-04-11,risk_off,EEM,EEM,0.214328,,0.0,1.14887
2025-04-11,risk_off,GLD,GLD,0.454816,UGL,0.0,1.14887
2025-04-11,risk_off,QQQ,QQQ,0.006815,QLD,0.0,1.14887
2025-04-18,risk_off,SPY,SPY,0.265036,SSO,0.0,1.062246
2025-04-18,risk_off,IEF,IEF,0.0,UST,0.0,1.062246
2025-04-18,risk_off,BIL,BIL,0.172219,,0.0,1.062246
2025-04-18,risk_off,EEM,EEM,0.198167,,0.0,1.062246
2025-04-18,risk_off,GLD,GLD,0.420523,UGL,0.0,1.062246
2025-04-18,risk_off,QQQ,QQQ,0.006301,QLD,0.0,1.062246
2025-04-25,risk_on,SPY,SPY,0.98717,SSO,0.01283,1.344693
2025-04-25,risk_on,IEF,IEF,0.0,UST,0.0,1.344693
2025-04-25,risk_on,BIL,BIL,0.0,,0.0,1.344693
2025-04-25,risk_on,EEM,EEM,0.156905,,0.0,1.344693
2025-04-25,risk_on,GLD,GLD,0.0,UGL,0.0,1.344693
2025-04-25,risk_on,QQQ,QQQ,0.174958,QLD,0.0,1.344693
2025-05-02,risk_on,SPY,SPY,0.947578,SSO,0.0,1.300791
2025-05-02,risk_on,IEF,IEF,0.0,UST,0.0,1.300791
2025-05-02,risk_on,BIL,BIL,0.0,,0.0,1.300791
2025-05-02,risk_on,EEM,EEM,0.168513,,0.0,1.300791
2025-05-02,risk_on,GLD,GLD,0.0,UGL,0.0,1.300791
2025-05-02,risk_on,QQQ,QQQ,0.184701,QLD,0.0,1.300791
2025-05-09,risk_on,SPY,SPY,0.935961,SSO,0.0,1.284844
2025-05-09,risk_on,IEF,IEF,0.0,UST,0.0,1.284844
2025-05-09,risk_on,BIL,BIL,0.0,,0.0,1.284844
2025-05-09,risk_on,EEM,EEM,0.166447,,0.0,1.284844
2025-05-09,risk_on,GLD,GLD,0.0,UGL,0.0,1.284844
2025-05-09,risk_on,QQQ,QQQ,0.182436,QLD,0.0,1.284844
2025-05-16,neutral,SPY,SPY,0.571945,SSO,0.0,1.38776
2025-05-16,neutral,IEF,IEF,0.123463,UST,0.0,1.38776
2025-05-16,neutral,BIL,BIL,0.0,,0.0,1.38776
2025-05-16,neutral,EEM,EEM,0.0,,0.0,1.38776
2025-05-16,neutral,GLD,GLD,0.48995,UGL,0.0,1.38776
2025-05-16,neutral,QQQ,QQQ,0.202401,QLD,0.0,1.38776
2025-05-23,risk_on,SPY,SPY,0.907132,SSO,0.0,1.245269
2025-05-23,risk_on,IEF,IEF,0.0,UST,0.0,1.245269
2025-05-23,risk_on,BIL,BIL,0.0,,0.0,1.245269
2025-05-23,risk_on,EEM,EEM,0.16132,,0.0,1.245269
2025-05-23,risk_on,GLD,GLD,0.0,UGL,0.0,1.245269
2025-05-23,risk_on,QQQ,QQQ,0.176817,QLD,0.0,1.245269
2025-05-30,very_risk_on,SPY,SPY,0.794081,SSO,0.0,2.0
2025-05-30,very_risk_on,IEF,IEF,0.192385,UST,0.0,2.0
2025-05-30,very_risk_on,BIL,BIL,0.0,,0.0,2.0
2025-05-30,very_risk_on,EEM,EEM,0.0,,0.0,2.0
2025-05-30,very_risk_on,GLD,GLD,0.507136,UGL,0.0,2.0
2025-05-30,very_risk_on,QQQ,QQQ,0.506398,QLD,0.0,2.0
2025-06-06,risk_on,SPY,SPY,0.849413,SSO,0.0,1.300563
2025-06-06,risk_on,IEF,IEF,0.0,UST,0.0,1.300563
2025-06-06,risk_on,BIL,BIL,0.0,,0.0,1.300563
2025-06-06,risk_on,EEM,EEM,0.078957,,0.0,1.300563
2025-06-06,risk_on,GLD,GLD,0.121534,UGL,0.0,1.300563
2025-06-06,risk_on,QQQ,QQQ,0.250658,QLD,0.0,1.300563
2025-06-13,risk_on,SPY,SPY,0.849511,SSO,0.0,1.300713
2025-06-13,risk_on,IEF,IEF,0.0,UST,0.0,1.300713
2025-06-13,risk_on,BIL,BIL,0.0,,0.0,1.300713
2025-06-13,risk_on,EEM,EEM,0.078967,,0.0,1.300713
2025-06-13,risk_on,GLD,GLD,0.121548,UGL,0.0,1.300713
2025-06-13,risk_on,QQQ,QQQ,0.250687,QLD,0.0,1.300713
2025-06-20,very_risk_on,SPY,SPY,0.995914,SSO,0.0,1.990738
2025-06-20,very_risk_on,IEF,IEF,0.0,UST,0.0,1.990738
2025-06-20,very_risk_on,BIL,BIL,0.0,,0.0,1.990738
2025-06-20,very_risk_on,EEM,EEM,0.0,,0.0,1.990738
2025-06-20,very_risk_on,GLD,GLD,0.504061,UGL,0.0,1.990738
2025-06-20,very_risk_on,QQQ,QQQ,0.490762,QLD,0.0,1.990738
2025-06-27,very_risk_on,SPY,SPY,0.997499,SSO,0.0,1.993905
2025-06-27,very_risk_on,IEF,IEF,0.0,UST,0.0,1.993905
2025-06-27,very_risk_on,BIL,BIL,0.0,,0.0,1.993905
2025-06-27,very_risk_on,EEM,EEM,0.0,,0.0,1.993905
2025-06-27,very_risk_on,GLD,GLD,0.504864,UGL,0.0,1.993905
2025-06-27,very_risk_on,QQQ,QQQ,0.491543,QLD,0.0,1.993905
2025-07-04,very_risk_on,SPY,SPY,0.589485,SSO,0.0,1.865421
2025-07-04,very_risk_on,IEF,IEF,0.0,UST,0.0,1.865421
2025-07-04,very_risk_on,BIL,BIL,0.0,,0.0,1.865421
2025-07-04,very_risk_on,EEM,EEM,0.0,,0.0,1.865421
2025-07-04,very_risk_on,GLD,GLD,0.472001,UGL,0.0,1.865421
2025-07-04,very_risk_on,QQQ,QQQ,0.803936,QLD,0.0,1.865421
2025-07-11,risk_on,SPY,SPY,0.980032,SSO,0.019968,1.453816
2025-07-11,risk_on,IEF,IEF,0.0,UST,0.0,1.453816
2025-07-11,risk_on,BIL,BIL,0.0,,0.0,1.453816
2025-07-11,risk_on,EEM,EEM,0.104404,,0.0,1.453816
2025-07-11,risk_on,GLD,GLD,0.230041,UGL,0.0,1.453816
2025-07-11,risk_on,QQQ,QQQ,0.099404,QLD,0.0,1.453816
2025-07-18,neutral,SPY,SPY,0.311985,SSO,0.0,1.153505
2025-07-18,neutral,IEF,IEF,0.0,UST,0.0,1.153505
2025-07-18,neutral,BIL,BIL,0.0,,0.0,1.153505
2025-07-18,neutral,EEM,EEM,0.0,,0.0,1.153505
2025-07-18,neutral,GLD,GLD,0.40448,UGL,0.0,1.153505
2025-07-18,neutral,QQQ,QQQ,0.437041,QLD,0.0,1.153505
2025-07-25,neutral,SPY,SPY,0.312809,SSO,0.0,1.156551
2025-07-25,neutral,IEF,IEF,0.0,UST,0.0,1.156551
2025-07-25,neutral,BIL,BIL,0.0,,0.0,1.156551
2025-07-25,neutral,EEM,EEM,0.0,,0.0,1.156551
2025-07-25,neutral,GLD,GLD,0.405548,UGL,0.0,1.156551
2025-07-25,neutral,QQQ,QQQ,0.438195,QLD,0.0,1.156551
2025-08-01,risk_off,SPY,SPY,0.280512,SSO,0.0,1.095839
2025-08-01,risk_off,IEF,IEF,0.0,UST,0.0,1.095839
2025-08-01,risk_off,BIL,BIL,0.174818,,0.0,1.095839
2025-08-01,risk_off,EEM,EEM,0.20085,,0.0,1.095839
2025-08-01,risk_off,GLD,GLD,0.434653,UGL,0.0,1.095839
2025-08-01,risk_off,QQQ,QQQ,0.005007,QLD,0.0,1.095839
2025-08-08,risk_on,SPY,SPY,0.653407,SSO,0.0,1.274802
2025-08-08,risk_on,IEF,IEF,0.0,UST,0.0,1.274802
2025-08-08,risk_on,BIL,BIL,0.0,,0.0,1.274802
2025-08-08,risk_on,EEM,EEM,0.18507,,0.0,1.274802
2025-08-08,risk_on,GLD,GLD,0.083685,UGL,0.0,1.274802
2025-08-08,risk_on,QQQ,QQQ,0.35264,QLD,0.0,1.274802
2025-08-15,neutral,SPY,SPY,0.336964,SSO,0.0,1.161107
2025-08-15,neutral,IEF,IEF,0.0,UST,0.0,1.161107
2025-08-15,neutral,BIL,BIL,0.0,,0.0,1.161107
2025-08-15,neutral,EEM,EEM,0.0,,0.0,1.161107
2025-08-15,neutral,GLD,GLD,0.407804,UGL,0.0,1.161107
2025-08-15,neutral,QQQ,QQQ,0.416339,QLD,0.0,1.161107
2025-08-22,very_risk_on,SPY,SPY,0.742365,SSO,0.0,1.909484
2025-08-22,very_risk_on,IEF,IEF,0.0,UST,0.0,1.909484
2025-08-22,very_risk_on,BIL,BIL,0.0,,0.0,1.909484
2025-08-22,very_risk_on,EEM,EEM,0.0,,0.0,1.909484
2025-08-22,very_risk_on,GLD,GLD,0.48101,UGL,0.0,1.909484
2025-08-22,very_risk_on,QQQ,QQQ,0.686109,QLD,0.0,1.909484
2025-08-29,very_risk_on,SPY,SPY,0.742423,SSO,0.0,1.909633
2025-08-29,very_risk_on,IEF,IEF,0.0,UST,0.0,1.909633
2025-08-29,very_risk_on,BIL,BIL,0.0,,0.0,1.909633
2025-08-29,very_risk_on,EEM,EEM,0.0,,0.0,1.909633
2025-08-29,very_risk_on,GLD,GLD,0.481048,UGL,0.0,1.909633
2025-08-29,very_risk_on,QQQ,QQQ,0.686162,QLD,0.0,1.909633
2025-09-05,very_risk_on,SPY,SPY,0.80298,SSO,0.0,1.944599
2025-09-05,very_risk_on,IEF,IEF,0.0,UST,0.0,1.944599
2025-09-05,very_risk_on,BIL,BIL,0.0,,0.0,1.944599
2025-09-05,very_risk_on,EEM,EEM,0.0,,0.0,1.944599
2025-09-05,very_risk_on,GLD,GLD,0.491264,UGL,0.0,1.944599
2025-09-05,very_risk_on,QQQ,QQQ,0.650356,QLD,0.0,1.944599
2025-09-12,very_risk_on,SPY,SPY,0.801185,SSO,0.0,1.940252
2025-09-12,very_risk_on,IEF,IEF,0.0,UST,0.0,1.940252
2025-09-12,very_risk_on,BIL,BIL,0.0,,0.0,1.940252
2025-09-12,very_risk_on,EEM,EEM,0.0,,0.0,1.940252
2025-09-12,very_risk_on,GLD,GLD,0.490165,UGL,0.0,1.940252
2025-09-12,very_risk_on,QQQ,QQQ,0.648902,QLD,0.0,1.940252
2025-09-19,very_risk_on,SPY,SPY,0.810253,SSO,0.0,1.962213
2025-09-19,very_risk_on,IEF,IEF,0.0,UST,0.0,1.962213
2025-09-19,very_risk_on,BIL,BIL,0.0,,0.0,1.962213
2025-09-19,very_risk_on,EEM,EEM,0.0,,0.0,1.962213
2025-09-19,very_risk_on,GLD,GLD,0.495714,UGL,0.0,1.962213
2025-09-19,very_risk_on,QQQ,QQQ,0.656247,QLD,0.0,1.962213
2025-09-26,risk_on,SPY,SPY,0.790942,SSO,0.0,1.446314
2025-09-26,risk_on,IEF,IEF,0.0,UST,0.0,1.446314
2025-09-26,risk_on,BIL,BIL,0.0,,0.0,1.446314
2025-09-26,risk_on,EEM,EEM,0.219714,,0.0,1.446314
2025-09-26,risk_on,GLD,GLD,0.21378,UGL,0.0,1.446314
2025-09-26,risk_on,QQQ,QQQ,0.221879,QLD,0.0,1.446314
2025-10-03,risk_off,SPY,SPY,0.283451,SSO,0.0,1.109505
2025-10-03,risk_off,IEF,IEF,0.0,UST,0.0,1.109505
2025-10-03,risk_off,BIL,BIL,0.180972,,0.0,1.109505
2025-10-03,risk_off,EEM,EEM,0.202928,,0.0,1.109505
2025-10-03,risk_off,GLD,GLD,0.436665,UGL,0.0,1.109505
2025-10-03,risk_off,QQQ,QQQ,0.005489,QLD,0.0,1.109505
2025-10-10,risk_off,SPY,SPY,0.28068,SSO,0.0,1.098658
2025-10-10,risk_off,IEF,IEF,0.0,UST,0.0,1.098658
2025-10-10,risk_off,BIL,BIL,0.179203,,0.0,1.098658
2025-10-10,risk_off,EEM,EEM,0.200944,,0.0,1.098658
2025-10-10,risk_off,GLD,GLD,0.432396,UGL,0.0,1.098658
2025-10-10,risk_off,QQQ,QQQ,0.005435,QLD,0.0,1.098658
